pmid,last_name,first_name,initials,suffix,orcid,collective,affiliation
973217,Blume,F R,FR,NULL,NULL,NULL,NULL
1875346,Duggan,M E,ME,NULL,NULL,NULL,"Merck Sharp & Dohme Research Laboratories, West Point, Pennsylvania 19486."
1875346,Alberts,A W,AW,NULL,NULL,NULL,NULL
1875346,Bostedor,R,R,NULL,NULL,NULL,NULL
1875346,Chao,Y S,YS,NULL,NULL,NULL,NULL
1875346,Germershausen,J I,JI,NULL,NULL,NULL,NULL
1875346,Gilfillan,J L,JL,NULL,NULL,NULL,NULL
1875346,Halczenko,W,W,NULL,NULL,NULL,NULL
1875346,Hartman,G D,GD,NULL,NULL,NULL,NULL
1875346,Hunt,V,V,NULL,NULL,NULL,NULL
1875346,Imagire,J S,JS,NULL,NULL,NULL,NULL
5757641,Tevzadze,V G,VG,NULL,NULL,NULL,NULL
3549656,Ohi,N,N,NULL,NULL,NULL,NULL
3549656,Aoki,B,B,NULL,NULL,NULL,NULL
3549656,Kuroki,T,T,NULL,NULL,NULL,NULL
3549656,Matsumoto,M,M,NULL,NULL,NULL,NULL
3549656,Kojima,K,K,NULL,NULL,NULL,NULL
3549656,Nehashi,T,T,NULL,NULL,NULL,NULL
8119288,Hansson,M,M,NULL,NULL,NULL,"Department of Microbiology, Lund University, Sweden."
8119288,Hederstedt,L,L,NULL,NULL,NULL,NULL
8219565,Moore,B S,BS,NULL,NULL,NULL,"Department of Radiology, University of California at San Diego 92103."
8219565,Valji,K,K,NULL,NULL,NULL,NULL
8219565,Roberts,A C,AC,NULL,NULL,NULL,NULL
8219565,Bookstein,J J,JJ,NULL,NULL,NULL,NULL
8655018,Jendryczko,A,A,NULL,NULL,NULL,"Katedry i Zakładu Chemii i Analizy Leków, AM w Katowicach."
8655018,Poreba,R,R,NULL,NULL,NULL,NULL
8863847,Yu,S M,SM,NULL,NULL,NULL,"Department of Pharmacology, Chang Gung College of Medicine and Technology, Kwei-San, Tao-Yuan, Taiwan. smyu@cguaplo.cgu.edu"
8863847,Chen,S F,SF,NULL,NULL,NULL,NULL
8863847,Lau,Y T,YT,NULL,NULL,NULL,NULL
8863847,Yang,C M,CM,NULL,NULL,NULL,NULL
8863847,Chen,J C,JC,NULL,NULL,NULL,NULL
9110943,Gross,A R,AR,NULL,NULL,NULL,"Chedoke-McMaster Hospitals & Schools of Rehabilitation Science, McMaster University, Hamilton, Ontario, Canada."
9110943,Aker,P D,PD,NULL,NULL,NULL,NULL
9110943,Goldsmith,C H,CH,NULL,NULL,NULL,NULL
9110943,Peloso,P,P,NULL,NULL,NULL,NULL
8941094,Perrone-Filardi,P,P,NULL,NULL,NULL,"Division of Cardiology, Federico II University Medical School, Naples, Italy."
8941094,Pace,L,L,NULL,NULL,NULL,NULL
8941094,Prastaro,M,M,NULL,NULL,NULL,NULL
8941094,Squame,F,F,NULL,NULL,NULL,NULL
8941094,Betocchi,S,S,NULL,NULL,NULL,NULL
8941094,Soricelli,A,A,NULL,NULL,NULL,NULL
8941094,Piscione,F,F,NULL,NULL,NULL,NULL
8941094,Indolfi,C,C,NULL,NULL,NULL,NULL
8941094,Crisci,T,T,NULL,NULL,NULL,NULL
8941094,Salvatore,M,M,NULL,NULL,NULL,NULL
8941094,Chiariello,M,M,NULL,NULL,NULL,NULL
9394824,Dunn-Walters,D K,DK,NULL,NULL,NULL,"Department of Histopathology, UMDS, London, Great Britain."
9394824,Boursier,L,L,NULL,NULL,NULL,NULL
9394824,Spencer,J,J,NULL,NULL,NULL,NULL
9482442,Järveläinen,H,H,NULL,NULL,NULL,"Department of Medicine, Turku University Central Hospital, Finland."
9482442,Vainionpää,H,H,NULL,NULL,NULL,NULL
9482442,Kuopio,T,T,NULL,NULL,NULL,NULL
9482442,Lehtonen,A,A,NULL,NULL,NULL,NULL
9505772,Berry,P D,PD,NULL,NULL,NULL,Cardiothoracic Centre Liverpool-NHS Trust.
9505772,Thomas,S D,SD,NULL,NULL,NULL,NULL
9505772,Mahon,S P,SP,NULL,NULL,NULL,NULL
9505772,Jackson,M,M,NULL,NULL,NULL,NULL
9505772,Fox,M A,MA,NULL,NULL,NULL,NULL
9505772,Fabri,B,B,NULL,NULL,NULL,NULL
9505772,Weir,W I,WI,NULL,NULL,NULL,NULL
9505772,Russell,G N,GN,NULL,NULL,NULL,NULL
9575322,Alvarez,J A,JA,NULL,NULL,NULL,"University Hospitals of Cleveland/Case Western Reserve University, Cleveland, Ohio, USA."
9575322,Hardy,R H,RH,Jr,NULL,NULL,NULL
9627170,Schoenberg,M H,MH,NULL,NULL,NULL,"Department of General Surgery, University of Ulm, Germany."
9627170,Weiss,M,M,NULL,NULL,NULL,NULL
9627170,Radermacher,P,P,NULL,NULL,NULL,NULL
9634358,Dunkel,E C,EC,NULL,NULL,NULL,NULL
9634358,Scheer,D I,DI,NULL,NULL,NULL,NULL
9634358,Zhu,Q,Q,NULL,NULL,NULL,NULL
9634358,Whitley,R J,RJ,NULL,NULL,NULL,NULL
9634358,Schaffer,P A,PA,NULL,NULL,NULL,NULL
9634358,Pavan-Langston,D,D,NULL,NULL,NULL,NULL
9634358,Whitely,R J,RJ,NULL,NULL,NULL,NULL
9626910,Matsumori,A,A,NULL,NULL,NULL,"Kyoto University, Japan."
9626910,Ohashi,N,N,NULL,NULL,NULL,NULL
9626910,Hasegawa,K,K,NULL,NULL,NULL,NULL
9626910,Sasayama,S,S,NULL,NULL,NULL,NULL
9626910,Eto,T,T,NULL,NULL,NULL,NULL
9626910,Imaizumi,T,T,NULL,NULL,NULL,NULL
9626910,Izumi,T,T,NULL,NULL,NULL,NULL
9626910,Kawamura,K,K,NULL,NULL,NULL,NULL
9626910,Kawana,M,M,NULL,NULL,NULL,NULL
9626910,Kimura,A,A,NULL,NULL,NULL,NULL
9626910,Kitabatake,A,A,NULL,NULL,NULL,NULL
9626910,Matsuzaki,M,M,NULL,NULL,NULL,NULL
9626910,Nagai,R,R,NULL,NULL,NULL,NULL
9626910,Tanaka,H,H,NULL,NULL,NULL,NULL
9626910,Hiroe,M,M,NULL,NULL,NULL,NULL
9626910,Hori,M,M,NULL,NULL,NULL,NULL
9626910,Inoko,H,H,NULL,NULL,NULL,NULL
9626910,Seko,Y,Y,NULL,NULL,NULL,NULL
9626910,Sekiguchi,M,M,NULL,NULL,NULL,NULL
9626910,Shimotohno,K,K,NULL,NULL,NULL,NULL
9626910,Sugishita,Y,Y,NULL,NULL,NULL,NULL
9626910,Takeda,N,N,NULL,NULL,NULL,NULL
9626910,Takihara,K,K,NULL,NULL,NULL,NULL
9626910,Tanaka,M,M,NULL,NULL,NULL,NULL
9626910,Yokoyama,M,M,NULL,NULL,NULL,NULL
9861576,Strik,J J,JJ,NULL,NULL,NULL,"Department of Psychiatry, Maastricht University Hospital, The Netherlands."
9861576,Honig,A,A,NULL,NULL,NULL,NULL
9861576,Lousberg,R,R,NULL,NULL,NULL,NULL
9861576,Cheriex,E C,EC,NULL,NULL,NULL,NULL
9861576,Van Praag,H M,HM,NULL,NULL,NULL,NULL
9929727,de Granda Orive,J I,JI,NULL,NULL,NULL,NULL
9929727,Peña Miguel,T,T,NULL,NULL,NULL,NULL
9929727,Morato Arnáiz,A,A,NULL,NULL,NULL,NULL
9885794,Feifel,D,D,NULL,NULL,NULL,"Department of Psychiatry, University of California, San Diego, La Jolla 92093-8620, USA."
9885794,Reza,T,T,NULL,NULL,NULL,NULL
9885794,Robeck,S,S,NULL,NULL,NULL,NULL
10083987,Crosby,E T,ET,NULL,NULL,NULL,NULL
10101342,Kaufman,D,D,NULL,NULL,NULL,"Division of Emergency Medicine, Northwestern University Medical School, Chicago, Illinois, USA."
10101342,Leung,J,J,NULL,NULL,NULL,NULL
10168751,Perry,S,S,NULL,NULL,NULL,"Medical Technology and Practice Patterns Institute, WHO Collaborating Center on Health Technology Assessment, Washington, DC 20007, USA."
10168751,Thamer,M,M,NULL,NULL,NULL,NULL
10097079,Haney,P J,PJ,NULL,NULL,NULL,"Department of Microbiology, University of Illinois, B103 Chemical and Life Sciences Laboratory, 601 South Goodwin Avenue, Urbana, IL 61801, USA."
10097079,Badger,J H,JH,NULL,NULL,NULL,NULL
10097079,Buldak,G L,GL,NULL,NULL,NULL,NULL
10097079,Reich,C I,CI,NULL,NULL,NULL,NULL
10097079,Woese,C R,CR,NULL,NULL,NULL,NULL
10097079,Olsen,G J,GJ,NULL,NULL,NULL,NULL
10192114,Rajbhandari,M,M,NULL,NULL,NULL,"Institute of Pharmacy, Ernst-Moritz-Arndt-University, Greifswald, Germany."
10192114,Schöpke,T,T,NULL,NULL,NULL,NULL
10192115,Jahodár,L,L,NULL,NULL,NULL,"Department of Pharmaceutical Botany and Ecology, Faculty of Pharmacy, Charles University, Hradec Králové, Czech Republic."
10192115,Dusková,J,J,NULL,NULL,NULL,NULL
10192115,Polásek,M,M,NULL,NULL,NULL,NULL
10192115,Papugová,P,P,NULL,NULL,NULL,NULL
10188493,Hyne,J,J,NULL,NULL,NULL,NULL
10331748,Rothstein,J M,JM,NULL,NULL,NULL,NULL
10331749,Manning,F,F,NULL,NULL,NULL,"Family Medicine, Faculty of Medicine, University of British Columbia, Vancouver, Canada."
10331749,Dean,E,E,NULL,NULL,NULL,NULL
10331749,Ross,J,J,NULL,NULL,NULL,NULL
10331749,Abboud,R T,RT,NULL,NULL,NULL,NULL
10389168,Krylov,B V,BV,NULL,NULL,NULL,"I. P. Pavlov Institute of Physiology, Russian Acad. Sci., St. Petersburg, Russia."
10389168,Vilin,Iu Iu,IuIu,NULL,NULL,NULL,NULL
10389168,Katina,I E,IE,NULL,NULL,NULL,NULL
10389168,Podzorova,S A,SA,NULL,NULL,NULL,NULL
10540283,Saunders,N F,NF,NULL,NULL,NULL,"Department of Molecular Cell Physiology, Faculty of Biology, BioCentrum Amsterdam, Vrije Universiteit, De Boelelaan 1087, NL-1081 HV Amsterdam, The Netherlands."
10540283,Houben,E N,EN,NULL,NULL,NULL,NULL
10540283,Koefoed,S,S,NULL,NULL,NULL,NULL
10540283,de Weert,S,S,NULL,NULL,NULL,NULL
10540283,Reijnders,W N,WN,NULL,NULL,NULL,NULL
10540283,Westerhoff,H V,HV,NULL,NULL,NULL,NULL
10540283,De Boer,A P,AP,NULL,NULL,NULL,NULL
10540283,Van Spanning,R J,RJ,NULL,NULL,NULL,NULL
10854512,Soon,M S,MS,NULL,NULL,NULL,"Division of Gastroenterology, ChangHua Christian Medical Center, ChangHua, Taiwan."
10854512,Lin,O S,OS,NULL,NULL,NULL,NULL
10737756,Hale,J J,JJ,NULL,NULL,NULL,"Merck Research Laboratories, P.O. Box 2000, Rahway, New Jersey 07065, and Merck, Sharp & Dohme, Neuroscience Research Centre, Terlings Park, Eastwick Road, Harlow, Essex CM20 2QR, U.K. jeffrey_hale@merck.com"
10737756,Mills,S G,SG,NULL,NULL,NULL,NULL
10737756,MacCoss,M,M,NULL,NULL,NULL,NULL
10737756,Dorn,C P,CP,NULL,NULL,NULL,NULL
10737756,Finke,P E,PE,NULL,NULL,NULL,NULL
10737756,Budhu,R J,RJ,NULL,NULL,NULL,NULL
10737756,Reamer,R A,RA,NULL,NULL,NULL,NULL
10737756,Huskey,S E,SE,NULL,NULL,NULL,NULL
10737756,Luffer-Atlas,D,D,NULL,NULL,NULL,NULL
10737756,Dean,B J,BJ,NULL,NULL,NULL,NULL
10737756,McGowan,E M,EM,NULL,NULL,NULL,NULL
10737756,Feeney,W P,WP,NULL,NULL,NULL,NULL
10737756,Chiu,S H,SH,NULL,NULL,NULL,NULL
10737756,Cascieri,M A,MA,NULL,NULL,NULL,NULL
10737756,Chicchi,G G,GG,NULL,NULL,NULL,NULL
10737756,Kurtz,M M,MM,NULL,NULL,NULL,NULL
10737756,Sadowski,S,S,NULL,NULL,NULL,NULL
10737756,Ber,E,E,NULL,NULL,NULL,NULL
10737756,Tattersall,F D,FD,NULL,NULL,NULL,NULL
10737756,Rupniak,N M,NM,NULL,NULL,NULL,NULL
10737756,Williams,A R,AR,NULL,NULL,NULL,NULL
10737756,Rycroft,W,W,NULL,NULL,NULL,NULL
10737756,Hargreaves,R,R,NULL,NULL,NULL,NULL
10737756,Metzger,J M,JM,NULL,NULL,NULL,NULL
10737756,MacIntyre,D E,DE,NULL,NULL,NULL,NULL
10612833,Orten,D J,DJ,NULL,NULL,NULL,"Center for Hereditary Communication Disorders, Boys Town National Research Hospital Omaha, NE, USA. ortend@boystown.org"
10612833,Weston,M D,MD,NULL,NULL,NULL,NULL
10612833,Kelley,P M,PM,NULL,NULL,NULL,NULL
10612833,Cremers,C W,CW,NULL,NULL,NULL,NULL
10612833,Wagenaar,M,M,NULL,NULL,NULL,NULL
10612833,Jacobson,S G,SG,NULL,NULL,NULL,NULL
10612833,Kimberling,W J,WJ,NULL,NULL,NULL,NULL
10972993,Rauh-Adelmann,C,C,NULL,NULL,NULL,"Department of Biology, Tufts University, Medford, Massachusetts, USA."
10972993,Lau,K M,KM,NULL,NULL,NULL,NULL
10972993,Sabeti,N,N,NULL,NULL,NULL,NULL
10972993,Long,J P,JP,NULL,NULL,NULL,NULL
10972993,Mok,S C,SC,NULL,NULL,NULL,NULL
10972993,Ho,S M,SM,NULL,NULL,NULL,NULL
11025314,Park,K L,KL,NULL,NULL,NULL,"College of Pharmacy, Chungnam National University, Taejeon 305-764, Korea. parki@cnu.ac.kr."
11025314,Moon,B G,BG,NULL,NULL,NULL,NULL
11025314,Jung,S H,SH,NULL,NULL,NULL,NULL
11025314,Kim,J G,JG,NULL,NULL,NULL,NULL
11025314,Suh,I H,IH,NULL,NULL,NULL,NULL
11034741,Barlow,J,J,NULL,NULL,NULL,"Health Services Research Unit, University of Oxford, Institute of Health Sciences, Old Road, Oxford, UK, OX3 7LF. esther.coren@dphpc.ox.ac.uk"
11034741,Coren,E,E,NULL,NULL,NULL,NULL
11056631,Liu,X H,XH,NULL,NULL,NULL,"IBM Watson Research Center, P.O. Box 218, Yorktown Heights, New York 10598, USA."
11056631,Ross,F M,FM,NULL,NULL,NULL,NULL
11056631,Schwarz,K W,KW,NULL,NULL,NULL,NULL
11238657,Triggiani,M,M,NULL,NULL,NULL,"Division of Clinical Immunology and Allergy, University of Naples Federico II, Naples, Italy. triggian@unina.it"
11238657,Gentile,M,M,NULL,NULL,NULL,NULL
11238657,Secondo,A,A,NULL,NULL,NULL,NULL
11238657,Granata,F,F,NULL,NULL,NULL,NULL
11238657,Oriente,A,A,NULL,NULL,NULL,NULL
11238657,Taglialatela,M,M,NULL,NULL,NULL,NULL
11238657,Annunziato,L,L,NULL,NULL,NULL,NULL
11238657,Marone,G,G,NULL,NULL,NULL,NULL
11279676,Grant,A,A,NULL,NULL,NULL,"Health Services Research Unit, The Polwarth Building, Foresterhill, Aberdeen, UK, AB9 2ZD. a.grant@abdn.ac.uk"
11279676,Glazener,C M,CM,NULL,NULL,NULL,NULL
11243089,Ray,S K,SK,NULL,NULL,NULL,"Department of Community Medicine, Medical College, Calcutta."
11243089,Mishra,R,R,NULL,NULL,NULL,NULL
11243089,Biswas,R,R,NULL,NULL,NULL,NULL
11243089,Kumar,S,S,NULL,NULL,NULL,NULL
11243089,Halder,A,A,NULL,NULL,NULL,NULL
11243089,Chatterjee,T,T,NULL,NULL,NULL,NULL
11428848,Hauer ,R N,RN,NULL,NULL,NULL,"Heart Lung Center Utrecht, University Medical Center, The Netherlands."
11428848,Aliot,E,E,NULL,NULL,NULL,NULL
11428848,Block,M,M,NULL,NULL,NULL,NULL
11428848,Capucci,A,A,NULL,NULL,NULL,NULL
11428848,Lüderitz,B,B,NULL,NULL,NULL,NULL
11428848,Santini,M,M,NULL,NULL,NULL,NULL
11428848,Vardas,P E,PE,NULL,NULL,NULL,NULL
11428848,NULL,NULL,NULL,NULL,NULL,European Society of Cardiology. Working Group on Arrhythmias and Working Group on Cardiac Pacing,NULL
11431089,Tafaro,L,L,NULL,NULL,NULL,"Department of Aging Science, Policlinico Umberto I, University La Sapienza, Roma, Italy."
11431089,Cicconetti,P,P,NULL,NULL,NULL,NULL
11431089,Martella,S,S,NULL,NULL,NULL,NULL
11431089,Tedeschi,G,G,NULL,NULL,NULL,NULL
11431089,Zannino,G,G,NULL,NULL,NULL,NULL
11431089,Troisi,G,G,NULL,NULL,NULL,NULL
11431089,Pastena,I,I,NULL,NULL,NULL,NULL
11431089,Fioravanti,M,M,NULL,NULL,NULL,NULL
11431089,Marigliano,V,V,NULL,NULL,NULL,NULL
11406024,Barlow,J,J,NULL,NULL,NULL,"Health Services Research Unit, University of Oxford, Institute of Health Sciences, Old Road, Headington, Oxford, UK, OX3 7LF. esther.coren@public-health.oxford.ac.uk"
11406024,Coren,E,E,NULL,NULL,NULL,NULL
11441930,Gunnars,B,B,NULL,NULL,NULL,"Department of Oncology, University Hospital, Lund, Sweden."
11441930,Nygren,P,P,NULL,NULL,NULL,NULL
11441930,Glimelius,B,B,NULL,NULL,NULL,NULL
11441930,NULL,NULL,NULL,NULL,NULL,SBU-group. Swedish Council of Technology Assessment in Health Care,NULL
11442735,Wennström,J L,JL,NULL,NULL,NULL,"Department of Periodontology, Institute of Odontology, Göteborg University, SE 405 30 Göteborg, Sweden. wennstrom@odontologi.gu.se"
11442735,Newman,H N,HN,NULL,NULL,NULL,NULL
11442735,MacNeill,S R,SR,NULL,NULL,NULL,NULL
11442735,Killoy,W J,WJ,NULL,NULL,NULL,NULL
11442735,Griffiths,G S,GS,NULL,NULL,NULL,NULL
11442735,Gillam,D G,DG,NULL,NULL,NULL,NULL
11442735,Krok,L,L,NULL,NULL,NULL,NULL
11442735,Needleman,I G,IG,NULL,NULL,NULL,NULL
11442735,Weiss,G,G,NULL,NULL,NULL,NULL
11442735,Garrett,S,S,NULL,NULL,NULL,NULL
11237011,Lander,E S,ES,NULL,NULL,NULL,"Whitehead Institute for Biomedical Research, Center for Genome Research, Cambridge, MA 02142, USA. lander@genome.wi.mit.edu"
11237011,Linton,L M,LM,NULL,NULL,NULL,NULL
11237011,Birren,B,B,NULL,NULL,NULL,NULL
11237011,Nusbaum,C,C,NULL,NULL,NULL,NULL
11237011,Zody,M C,MC,NULL,NULL,NULL,NULL
11237011,Baldwin,J,J,NULL,NULL,NULL,NULL
11237011,Devon,K,K,NULL,NULL,NULL,NULL
11237011,Dewar,K,K,NULL,NULL,NULL,NULL
11237011,Doyle,M,M,NULL,NULL,NULL,NULL
11237011,FitzHugh,W,W,NULL,NULL,NULL,NULL
11237011,Funke,R,R,NULL,NULL,NULL,NULL
11237011,Gage,D,D,NULL,NULL,NULL,NULL
11237011,Harris,K,K,NULL,NULL,NULL,NULL
11237011,Heaford,A,A,NULL,NULL,NULL,NULL
11237011,Howland,J,J,NULL,NULL,NULL,NULL
11237011,Kann,L,L,NULL,NULL,NULL,NULL
11237011,Lehoczky,J,J,NULL,NULL,NULL,NULL
11237011,LeVine,R,R,NULL,NULL,NULL,NULL
11237011,McEwan,P,P,NULL,NULL,NULL,NULL
11237011,McKernan,K,K,NULL,NULL,NULL,NULL
11237011,Meldrim,J,J,NULL,NULL,NULL,NULL
11237011,Mesirov,J P,JP,NULL,NULL,NULL,NULL
11237011,Miranda,C,C,NULL,NULL,NULL,NULL
11237011,Morris,W,W,NULL,NULL,NULL,NULL
11237011,Naylor,J,J,NULL,NULL,NULL,NULL
11237011,Raymond,C,C,NULL,NULL,NULL,NULL
11237011,Rosetti,M,M,NULL,NULL,NULL,NULL
11237011,Santos,R,R,NULL,NULL,NULL,NULL
11237011,Sheridan,A,A,NULL,NULL,NULL,NULL
11237011,Sougnez,C,C,NULL,NULL,NULL,NULL
11237011,Stange-Thomann,Y,Y,NULL,NULL,NULL,NULL
11237011,Stojanovic,N,N,NULL,NULL,NULL,NULL
11237011,Subramanian,A,A,NULL,NULL,NULL,NULL
11237011,Wyman,D,D,NULL,NULL,NULL,NULL
11237011,Rogers,J,J,NULL,NULL,NULL,NULL
11237011,Sulston,J,J,NULL,NULL,NULL,NULL
11237011,Ainscough,R,R,NULL,NULL,NULL,NULL
11237011,Beck,S,S,NULL,NULL,NULL,NULL
11237011,Bentley,D,D,NULL,NULL,NULL,NULL
11237011,Burton,J,J,NULL,NULL,NULL,NULL
11237011,Clee,C,C,NULL,NULL,NULL,NULL
11237011,Carter,N,N,NULL,NULL,NULL,NULL
11237011,Coulson,A,A,NULL,NULL,NULL,NULL
11237011,Deadman,R,R,NULL,NULL,NULL,NULL
11237011,Deloukas,P,P,NULL,NULL,NULL,NULL
11237011,Dunham,A,A,NULL,NULL,NULL,NULL
11237011,Dunham,I,I,NULL,NULL,NULL,NULL
11237011,Durbin,R,R,NULL,NULL,NULL,NULL
11237011,French,L,L,NULL,NULL,NULL,NULL
11237011,Grafham,D,D,NULL,NULL,NULL,NULL
11237011,Gregory,S,S,NULL,NULL,NULL,NULL
11237011,Hubbard,T,T,NULL,NULL,NULL,NULL
11237011,Humphray,S,S,NULL,NULL,NULL,NULL
11237011,Hunt,A,A,NULL,NULL,NULL,NULL
11237011,Jones,M,M,NULL,NULL,NULL,NULL
11237011,Lloyd,C,C,NULL,NULL,NULL,NULL
11237011,McMurray,A,A,NULL,NULL,NULL,NULL
11237011,Matthews,L,L,NULL,NULL,NULL,NULL
11237011,Mercer,S,S,NULL,NULL,NULL,NULL
11237011,Milne,S,S,NULL,NULL,NULL,NULL
11237011,Mullikin,J C,JC,NULL,NULL,NULL,NULL
11237011,Mungall,A,A,NULL,NULL,NULL,NULL
11237011,Plumb,R,R,NULL,NULL,NULL,NULL
11237011,Ross,M,M,NULL,NULL,NULL,NULL
11237011,Shownkeen,R,R,NULL,NULL,NULL,NULL
11237011,Sims,S,S,NULL,NULL,NULL,NULL
11237011,Waterston,R H,RH,NULL,NULL,NULL,NULL
11237011,Wilson,R K,RK,NULL,NULL,NULL,NULL
11237011,Hillier,L W,LW,NULL,NULL,NULL,NULL
11237011,McPherson,J D,JD,NULL,NULL,NULL,NULL
11237011,Marra,M A,MA,NULL,NULL,NULL,NULL
11237011,Mardis,E R,ER,NULL,NULL,NULL,NULL
11237011,Fulton,L A,LA,NULL,NULL,NULL,NULL
11237011,Chinwalla,A T,AT,NULL,NULL,NULL,NULL
11237011,Pepin,K H,KH,NULL,NULL,NULL,NULL
11237011,Gish,W R,WR,NULL,NULL,NULL,NULL
11237011,Chissoe,S L,SL,NULL,NULL,NULL,NULL
11237011,Wendl,M C,MC,NULL,NULL,NULL,NULL
11237011,Delehaunty,K D,KD,NULL,NULL,NULL,NULL
11237011,Miner,T L,TL,NULL,NULL,NULL,NULL
11237011,Delehaunty,A,A,NULL,NULL,NULL,NULL
11237011,Kramer,J B,JB,NULL,NULL,NULL,NULL
11237011,Cook,L L,LL,NULL,NULL,NULL,NULL
11237011,Fulton,R S,RS,NULL,NULL,NULL,NULL
11237011,Johnson,D L,DL,NULL,NULL,NULL,NULL
11237011,Minx,P J,PJ,NULL,NULL,NULL,NULL
11237011,Clifton,S W,SW,NULL,NULL,NULL,NULL
11237011,Hawkins,T,T,NULL,NULL,NULL,NULL
11237011,Branscomb,E,E,NULL,NULL,NULL,NULL
11237011,Predki,P,P,NULL,NULL,NULL,NULL
11237011,Richardson,P,P,NULL,NULL,NULL,NULL
11237011,Wenning,S,S,NULL,NULL,NULL,NULL
11237011,Slezak,T,T,NULL,NULL,NULL,NULL
11237011,Doggett,N,N,NULL,NULL,NULL,NULL
11237011,Cheng,J F,JF,NULL,NULL,NULL,NULL
11237011,Olsen,A,A,NULL,NULL,NULL,NULL
11237011,Lucas,S,S,NULL,NULL,NULL,NULL
11237011,Elkin,C,C,NULL,NULL,NULL,NULL
11237011,Uberbacher,E,E,NULL,NULL,NULL,NULL
11237011,Frazier,M,M,NULL,NULL,NULL,NULL
11237011,Gibbs,R A,RA,NULL,NULL,NULL,NULL
11237011,Muzny,D M,DM,NULL,NULL,NULL,NULL
11237011,Scherer,S E,SE,NULL,NULL,NULL,NULL
11237011,Bouck,J B,JB,NULL,NULL,NULL,NULL
11237011,Sodergren,E J,EJ,NULL,NULL,NULL,NULL
11237011,Worley,K C,KC,NULL,NULL,NULL,NULL
11237011,Rives,C M,CM,NULL,NULL,NULL,NULL
11237011,Gorrell,J H,JH,NULL,NULL,NULL,NULL
11237011,Metzker,M L,ML,NULL,NULL,NULL,NULL
11237011,Naylor,S L,SL,NULL,NULL,NULL,NULL
11237011,Kucherlapati,R S,RS,NULL,NULL,NULL,NULL
11237011,Nelson,D L,DL,NULL,NULL,NULL,NULL
11237011,Weinstock,G M,GM,NULL,NULL,NULL,NULL
11237011,Sakaki,Y,Y,NULL,NULL,NULL,NULL
11237011,Fujiyama,A,A,NULL,NULL,NULL,NULL
11237011,Hattori,M,M,NULL,NULL,NULL,NULL
11237011,Yada,T,T,NULL,NULL,NULL,NULL
11237011,Toyoda,A,A,NULL,NULL,NULL,NULL
11237011,Itoh,T,T,NULL,NULL,NULL,NULL
11237011,Kawagoe,C,C,NULL,NULL,NULL,NULL
11237011,Watanabe,H,H,NULL,NULL,NULL,NULL
11237011,Totoki,Y,Y,NULL,NULL,NULL,NULL
11237011,Taylor,T,T,NULL,NULL,NULL,NULL
11237011,Weissenbach,J,J,NULL,NULL,NULL,NULL
11237011,Heilig,R,R,NULL,NULL,NULL,NULL
11237011,Saurin,W,W,NULL,NULL,NULL,NULL
11237011,Artiguenave,F,F,NULL,NULL,NULL,NULL
11237011,Brottier,P,P,NULL,NULL,NULL,NULL
11237011,Bruls,T,T,NULL,NULL,NULL,NULL
11237011,Pelletier,E,E,NULL,NULL,NULL,NULL
11237011,Robert,C,C,NULL,NULL,NULL,NULL
11237011,Wincker,P,P,NULL,NULL,NULL,NULL
11237011,Smith,D R,DR,NULL,NULL,NULL,NULL
11237011,Doucette-Stamm,L,L,NULL,NULL,NULL,NULL
11237011,Rubenfield,M,M,NULL,NULL,NULL,NULL
11237011,Weinstock,K,K,NULL,NULL,NULL,NULL
11237011,Lee,H M,HM,NULL,NULL,NULL,NULL
11237011,Dubois,J,J,NULL,NULL,NULL,NULL
11237011,Rosenthal,A,A,NULL,NULL,NULL,NULL
11237011,Platzer,M,M,NULL,NULL,NULL,NULL
11237011,Nyakatura,G,G,NULL,NULL,NULL,NULL
11237011,Taudien,S,S,NULL,NULL,NULL,NULL
11237011,Rump,A,A,NULL,NULL,NULL,NULL
11237011,Yang,H,H,NULL,NULL,NULL,NULL
11237011,Yu,J,J,NULL,NULL,NULL,NULL
11237011,Wang,J,J,NULL,NULL,NULL,NULL
11237011,Huang,G,G,NULL,NULL,NULL,NULL
11237011,Gu,J,J,NULL,NULL,NULL,NULL
11237011,Hood,L,L,NULL,NULL,NULL,NULL
11237011,Rowen,L,L,NULL,NULL,NULL,NULL
11237011,Madan,A,A,NULL,NULL,NULL,NULL
11237011,Qin,S,S,NULL,NULL,NULL,NULL
11237011,Davis,R W,RW,NULL,NULL,NULL,NULL
11237011,Federspiel,N A,NA,NULL,NULL,NULL,NULL
11237011,Abola,A P,AP,NULL,NULL,NULL,NULL
11237011,Proctor,M J,MJ,NULL,NULL,NULL,NULL
11237011,Myers,R M,RM,NULL,NULL,NULL,NULL
11237011,Schmutz,J,J,NULL,NULL,NULL,NULL
11237011,Dickson,M,M,NULL,NULL,NULL,NULL
11237011,Grimwood,J,J,NULL,NULL,NULL,NULL
11237011,Cox,D R,DR,NULL,NULL,NULL,NULL
11237011,Olson,M V,MV,NULL,NULL,NULL,NULL
11237011,Kaul,R,R,NULL,NULL,NULL,NULL
11237011,Raymond,C,C,NULL,NULL,NULL,NULL
11237011,Shimizu,N,N,NULL,NULL,NULL,NULL
11237011,Kawasaki,K,K,NULL,NULL,NULL,NULL
11237011,Minoshima,S,S,NULL,NULL,NULL,NULL
11237011,Evans,G A,GA,NULL,NULL,NULL,NULL
11237011,Athanasiou,M,M,NULL,NULL,NULL,NULL
11237011,Schultz,R,R,NULL,NULL,NULL,NULL
11237011,Roe,B A,BA,NULL,NULL,NULL,NULL
11237011,Chen,F,F,NULL,NULL,NULL,NULL
11237011,Pan,H,H,NULL,NULL,NULL,NULL
11237011,Ramser,J,J,NULL,NULL,NULL,NULL
11237011,Lehrach,H,H,NULL,NULL,NULL,NULL
11237011,Reinhardt,R,R,NULL,NULL,NULL,NULL
11237011,McCombie,W R,WR,NULL,NULL,NULL,NULL
11237011,de la Bastide,M,M,NULL,NULL,NULL,NULL
11237011,Dedhia,N,N,NULL,NULL,NULL,NULL
11237011,Blöcker,H,H,NULL,NULL,NULL,NULL
11237011,Hornischer,K,K,NULL,NULL,NULL,NULL
11237011,Nordsiek,G,G,NULL,NULL,NULL,NULL
11237011,Agarwala,R,R,NULL,NULL,NULL,NULL
11237011,Aravind,L,L,NULL,NULL,NULL,NULL
11237011,Bailey,J A,JA,NULL,NULL,NULL,NULL
11237011,Bateman,A,A,NULL,NULL,NULL,NULL
11237011,Batzoglou,S,S,NULL,NULL,NULL,NULL
11237011,Birney,E,E,NULL,NULL,NULL,NULL
11237011,Bork,P,P,NULL,NULL,NULL,NULL
11237011,Brown,D G,DG,NULL,NULL,NULL,NULL
11237011,Burge,C B,CB,NULL,NULL,NULL,NULL
11237011,Cerutti,L,L,NULL,NULL,NULL,NULL
11237011,Chen,H C,HC,NULL,NULL,NULL,NULL
11237011,Church,D,D,NULL,NULL,NULL,NULL
11237011,Clamp,M,M,NULL,NULL,NULL,NULL
11237011,Copley,R R,RR,NULL,NULL,NULL,NULL
11237011,Doerks,T,T,NULL,NULL,NULL,NULL
11237011,Eddy,S R,SR,NULL,NULL,NULL,NULL
11237011,Eichler,E E,EE,NULL,NULL,NULL,NULL
11237011,Furey,T S,TS,NULL,NULL,NULL,NULL
11237011,Galagan,J,J,NULL,NULL,NULL,NULL
11237011,Gilbert,J G,JG,NULL,NULL,NULL,NULL
11237011,Harmon,C,C,NULL,NULL,NULL,NULL
11237011,Hayashizaki,Y,Y,NULL,NULL,NULL,NULL
11237011,Haussler,D,D,NULL,NULL,NULL,NULL
11237011,Hermjakob,H,H,NULL,NULL,NULL,NULL
11237011,Hokamp,K,K,NULL,NULL,NULL,NULL
11237011,Jang,W,W,NULL,NULL,NULL,NULL
11237011,Johnson,L S,LS,NULL,NULL,NULL,NULL
11237011,Jones,T A,TA,NULL,NULL,NULL,NULL
11237011,Kasif,S,S,NULL,NULL,NULL,NULL
11237011,Kaspryzk,A,A,NULL,NULL,NULL,NULL
11237011,Kennedy,S,S,NULL,NULL,NULL,NULL
11237011,Kent,W J,WJ,NULL,NULL,NULL,NULL
11237011,Kitts,P,P,NULL,NULL,NULL,NULL
11237011,Koonin,E V,EV,NULL,NULL,NULL,NULL
11237011,Korf,I,I,NULL,NULL,NULL,NULL
11237011,Kulp,D,D,NULL,NULL,NULL,NULL
11237011,Lancet,D,D,NULL,NULL,NULL,NULL
11237011,Lowe,T M,TM,NULL,NULL,NULL,NULL
11237011,McLysaght,A,A,NULL,NULL,NULL,NULL
11237011,Mikkelsen,T,T,NULL,NULL,NULL,NULL
11237011,Moran,J V,JV,NULL,NULL,NULL,NULL
11237011,Mulder,N,N,NULL,NULL,NULL,NULL
11237011,Pollara,V J,VJ,NULL,NULL,NULL,NULL
11237011,Ponting,C P,CP,NULL,NULL,NULL,NULL
11237011,Schuler,G,G,NULL,NULL,NULL,NULL
11237011,Schultz,J,J,NULL,NULL,NULL,NULL
11237011,Slater,G,G,NULL,NULL,NULL,NULL
11237011,Smit,A F,AF,NULL,NULL,NULL,NULL
11237011,Stupka,E,E,NULL,NULL,NULL,NULL
11237011,Szustakowki,J,J,NULL,NULL,NULL,NULL
11237011,Thierry-Mieg,D,D,NULL,NULL,NULL,NULL
11237011,Thierry-Mieg,J,J,NULL,NULL,NULL,NULL
11237011,Wagner,L,L,NULL,NULL,NULL,NULL
11237011,Wallis,J,J,NULL,NULL,NULL,NULL
11237011,Wheeler,R,R,NULL,NULL,NULL,NULL
11237011,Williams,A,A,NULL,NULL,NULL,NULL
11237011,Wolf,Y I,YI,NULL,NULL,NULL,NULL
11237011,Wolfe,K H,KH,NULL,NULL,NULL,NULL
11237011,Yang,S P,SP,NULL,NULL,NULL,NULL
11237011,Yeh,R F,RF,NULL,NULL,NULL,NULL
11237011,Collins,F,F,NULL,NULL,NULL,NULL
11237011,Guyer,M S,MS,NULL,NULL,NULL,NULL
11237011,Peterson,J,J,NULL,NULL,NULL,NULL
11237011,Felsenfeld,A,A,NULL,NULL,NULL,NULL
11237011,Wetterstrand,K A,KA,NULL,NULL,NULL,NULL
11237011,Patrinos,A,A,NULL,NULL,NULL,NULL
11237011,Morgan,M J,MJ,NULL,NULL,NULL,NULL
11237011,de Jong,P,P,NULL,NULL,NULL,NULL
11237011,Catanese,J J,JJ,NULL,NULL,NULL,NULL
11237011,Osoegawa,K,K,NULL,NULL,NULL,NULL
11237011,Shizuya,H,H,NULL,NULL,NULL,NULL
11237011,Choi,S,S,NULL,NULL,NULL,NULL
11237011,Chen,Y J,YJ,NULL,NULL,NULL,NULL
11237011,Szustakowki,J,J,NULL,NULL,NULL,NULL
11237011,NULL,NULL,NULL,NULL,NULL,International Human Genome Sequencing Consortium,NULL
11488864,Klokkevold,P R,PR,NULL,NULL,NULL,"Division of Associated Specialties, Section of Periodontics, UCLA School of Dentistry, Los Angeles, CA 90095, USA. pklok@ucla.edu"
11488864,Johnson,P,P,NULL,NULL,NULL,NULL
11488864,Dadgostari,S,S,NULL,NULL,NULL,NULL
11488864,Caputo,A,A,NULL,NULL,NULL,NULL
11488864,Davies,J E,JE,NULL,NULL,NULL,NULL
11488864,Nishimura,R D,RD,NULL,NULL,NULL,NULL
11473127,Chen,L L,LL,NULL,NULL,NULL,"Biogen, Inc., Cambridge, Massachusetts 02142, USA."
11473127,Whitty,A,A,NULL,NULL,NULL,NULL
11473127,Scott,D,D,NULL,NULL,NULL,NULL
11473127,Lee,W C,WC,NULL,NULL,NULL,NULL
11473127,Cornebise,M,M,NULL,NULL,NULL,NULL
11473127,Adams,S P,SP,NULL,NULL,NULL,NULL
11473127,Petter,R C,RC,NULL,NULL,NULL,NULL
11473127,Lobb,R R,RR,NULL,NULL,NULL,NULL
11473127,Pepinsky,R B,RB,NULL,NULL,NULL,NULL
11488868,Zerbo,I R,IR,NULL,NULL,NULL,"Department of Oral Cell Biology, ACTA, Vrije Universiteit, Vander Boechorststraat 7, 1081 BT Amsterdam, Netherlands. IR.Zerbo.Ocb.ACTA@med.vu.nl"
11488868,Bronckers,A L,AL,NULL,NULL,NULL,NULL
11488868,de Lange,G L,GL,NULL,NULL,NULL,NULL
11488868,van Beek,G J,GJ,NULL,NULL,NULL,NULL
11488868,Burger,E H,EH,NULL,NULL,NULL,NULL
11520209,Carceller,E,E,NULL,NULL,NULL,"Research Center, J. Uriach & Cía.S.A., Degà Bahí 59-67, 08026 Barcelona, Spain. chem-carceller@uriach.com"
11520209,Salas,J,J,NULL,NULL,NULL,NULL
11520209,Merlos,M,M,NULL,NULL,NULL,NULL
11520209,Giral,M,M,NULL,NULL,NULL,NULL
11520209,Ferrando,R,R,NULL,NULL,NULL,NULL
11520209,Escamilla,I,I,NULL,NULL,NULL,NULL
11520209,Ramis,J,J,NULL,NULL,NULL,NULL
11520209,García-Rafanell,J,J,NULL,NULL,NULL,NULL
11520209,Forn,J,J,NULL,NULL,NULL,NULL
11524736,Comeglio,P,P,NULL,NULL,NULL,"Department of Cardiological Sciences, St. George's Hospital Medical School, London, UK. p.comeglio@sghms.ac.uk"
11524736,Evans,A L,AL,NULL,NULL,NULL,NULL
11524736,Brice,G W,GW,NULL,NULL,NULL,NULL
11524736,Child,A H,AH,NULL,NULL,NULL,NULL
11537092,Kiss,H G,HG,NULL,NULL,NULL,"Department of Plant Biology, Ohio State University, Columbus."
11537092,Evans,M L,ML,NULL,NULL,NULL,NULL
11537092,Johnson,J D,JD,NULL,NULL,NULL,NULL
11540070,Poovaiah,B W,BW,NULL,NULL,NULL,"Department of Horticulture, Washington State University, Pullman, USA."
11540070,Reddy,A S,AS,NULL,NULL,NULL,NULL
11543891,Arnaiz-Villena,A,A,NULL,NULL,NULL,"Department of Immunology and Molecular Biology, H. 12 de Octubre, Universidad Complutense, Madrid, Spain. aarnaiz@eucmax.sim.ucm.es"
11543891,Elaiwa,N,N,NULL,NULL,NULL,NULL
11543891,Silvera,C,C,NULL,NULL,NULL,NULL
11543891,Rostom,A,A,NULL,NULL,NULL,NULL
11543891,Moscoso,J,J,NULL,NULL,NULL,NULL
11543891,Gómez-Casado,E,E,NULL,NULL,NULL,NULL
11543891,Allende,L,L,NULL,NULL,NULL,NULL
11543891,Varela,P,P,NULL,NULL,NULL,NULL
11543891,Martínez-Laso,J,J,NULL,NULL,NULL,NULL
11567133,Miller,V,V,NULL,NULL,NULL,"Institute of Geophysics, Victoria University of Wellington, Wellington, New Zealand."
11567133,Savage,M,M,NULL,NULL,NULL,NULL
11562649,Arias,A,A,NULL,NULL,NULL,"Pediatric Nurse Practitioner Program at Ohio State University College of Nursing, Columbus, USA."
11562649,Bennison,J,J,NULL,NULL,NULL,NULL
11562649,Justus,K,K,NULL,NULL,NULL,NULL
11562649,Thurman,D,D,NULL,NULL,NULL,NULL
11580607,Raychaudhuri,S,S,NULL,NULL,NULL,"Department of Physics and Astronomy, University of Rochester, Rochester, New York 14627, USA."
11580607,Cranston,M,M,NULL,NULL,NULL,NULL
11580607,Przybyla,C,C,NULL,NULL,NULL,NULL
11580607,Shapir,Y,Y,NULL,NULL,NULL,NULL
11583040,Pierazzo,E,E,NULL,NULL,NULL,"Lunar and Planetary Lab., University of Arizona, Tucson, 84721, USA. betty@lpl.arizona.edu"
11583040,Melosh,H J,HJ,NULL,NULL,NULL,NULL
11600210,Suciu-Foca,N,N,NULL,NULL,NULL,NULL
11600210,Lewis,R,R,NULL,NULL,NULL,NULL
11600211,Tyan,D B,DB,NULL,NULL,NULL,NULL
11612527,Donaldson,P J,PJ,NULL,NULL,NULL,NULL
11620107,Boonstra,O W,OW,NULL,NULL,NULL,NULL
11620107,van der Woude,A M,AM,NULL,NULL,NULL,NULL
11675721,Payne,L M,LM,NULL,NULL,NULL,NULL
11686167,Kindregan,Charles P,CP,NULL,NULL,NULL,NULL
11686176,Bower,John J,JJ,NULL,NULL,NULL,NULL
11694165,Bily,L,L,NULL,NULL,NULL,NULL
11704686,Swartz,M N,MN,NULL,NULL,NULL,"Department of Medicine, Massachusetts General Hospital, Boston 02114-2696, USA."
11731716,Spector,Reynold,R,NULL,NULL,NULL,"Department of Medicine, Robert Wood Johnson Medical School, Piscataway, NJ, USA."
11748851,Comeglio,P,P,NULL,NULL,NULL,"Department of Cardiological Sciences, St. George's Hospital Medical School, London, UK. p.comeglio@sghms.ac.uk"
11748851,Evans,A L,AL,NULL,NULL,NULL,NULL
11748851,Brice,G W,GW,NULL,NULL,NULL,NULL
11748851,Child,A H,AH,NULL,NULL,NULL,NULL
11748856,Godino,J,J,NULL,NULL,NULL,"Laboratory of Molecular Oncology, San Carlos University Hospital, 28040 Madrid, Spain."
11748856,de La Hoya,M,M,NULL,NULL,NULL,NULL
11748856,Diaz-Rubio,E,E,NULL,NULL,NULL,NULL
11748856,Benito,M,M,NULL,NULL,NULL,NULL
11748856,Caldés,T,T,NULL,NULL,NULL,NULL
11831940,Dushku,Nicholas,N,NULL,NULL,NULL,NULL
11831940,John,Molykutty K,MK,NULL,NULL,NULL,NULL
11831940,Schultz,Gregory S,GS,NULL,NULL,NULL,NULL
11831940,Reid,Ted W,TW,NULL,NULL,NULL,NULL
11838066,Milerad,Josef,J,NULL,NULL,NULL,josef.milerad@lakartidningen.se
11858276,Uri,J J,JJ,NULL,NULL,NULL,"NASA Johnson Space Center, Houston, TX, USA."
11858276,Lebedev,O N,ON,NULL,NULL,NULL,NULL
11869993,Lee,Thomas H,TH,NULL,NULL,NULL,NULL
11876201,Wilson,C D,CD,NULL,NULL,NULL,"Center for Food and Environmental Systems for Human Exploration of Space, George Washington Carver Agricultural Experiment Station, Tuskegee University, Tuskegee, AL 36088, USA."
11876201,Pace,R D,RD,NULL,NULL,NULL,NULL
11876201,Bromfield,E,E,NULL,NULL,NULL,NULL
11876201,Jones,G,G,NULL,NULL,NULL,NULL
11876201,Lu,J Y,JY,NULL,NULL,NULL,NULL
11885531,de Graaff,J,J,NULL,NULL,NULL,Uit de vakgroep Orale Microbiologie van het Academisch Centrum Tandheelkunde Amsterdam (ACTA).
11885531,van Winkelhoff,A J,AJ,NULL,NULL,NULL,NULL
11892742,Aul,Ritu B,RB,NULL,NULL,NULL,"Department of Anatomy and Cell Biology, Queen's University, Kingston, Ontario, Canada, K7L 3N6."
11892742,Oko,Richard J,RJ,NULL,NULL,NULL,NULL
11916658,Robb-Nicholson,Celeste,C,NULL,NULL,NULL,NULL
11953811,Satava,R M,RM,NULL,NULL,NULL,NULL
11966386,Solomon,Diane,D,NULL,NULL,NULL,"EPN Room 2130, 6130 Executive Blvd, Bethesda, MD 20892, USA. ds87v@nih.gov"
11966386,Davey,Diane,D,NULL,NULL,NULL,NULL
11966386,Kurman,Robert,R,NULL,NULL,NULL,NULL
11966386,Moriarty,Ann,A,NULL,NULL,NULL,NULL
11966386,O'Connor,Dennis,D,NULL,NULL,NULL,NULL
11966386,Prey,Marianne,M,NULL,NULL,NULL,NULL
11966386,Raab,Stephen,S,NULL,NULL,NULL,NULL
11966386,Sherman,Mark,M,NULL,NULL,NULL,NULL
11966386,Wilbur,David,D,NULL,NULL,NULL,NULL
11966386,Wright,Thomas,T,Jr,NULL,NULL,NULL
11966386,Young,Nancy,N,NULL,NULL,NULL,NULL
11966386,NULL,NULL,NULL,NULL,NULL,Forum Group Members,NULL
11966386,NULL,NULL,NULL,NULL,NULL,Bethesda 2001 Workshop,NULL
12038483,Barengoltz,J B,JB,NULL,NULL,NULL,"Jet Propulsion Laboratory, California Institute of Technology, Pasadena, CA 91109, USA."
12101218,Datta,Pratik,P,NULL,NULL,NULL,"Department of Chemistry, Bose Institute, 93/1 Acharya Prafulla Chandra Road, Kolkata 700009, India."
12101218,Dasgupta,Arunava,A,NULL,NULL,NULL,NULL
12101218,Bhakta,Sanjib,S,NULL,NULL,NULL,NULL
12101218,Basu,Joyoti,J,NULL,NULL,NULL,NULL
12159900,Shapiro,Harold,H,NULL,NULL,NULL,NULL
12174865,Pelin,S S,SS,NULL,NULL,NULL,"Dept. of Deontology, Faculty of Medicine, University of Ankara, Tip. Fak. Dekanligi, Morfoloji Terleskesi, Anakara, Sihhiye - 06100 Turkey."
12174865,Arda,B,B,NULL,NULL,NULL,NULL
12145319,Scales,Suzie J,SJ,NULL,NULL,NULL,"Howard Hughes Medical Institute, Department of Molecular and Cellular Physiology, Stanford University School of Medicine, Stanford, California 94305-5345, USA."
12145319,Hesser,Boris A,BA,NULL,NULL,NULL,NULL
12145319,Masuda,Esteban S,ES,NULL,NULL,NULL,NULL
12145319,Scheller,Richard H,RH,NULL,NULL,NULL,NULL
12192682,Ortiz,J,J,NULL,NULL,NULL,"Johnson Space Center, USA."
12192682,Chen,G,G,NULL,NULL,NULL,NULL
12179763,Cho,N H,NH,NULL,NULL,NULL,NULL
12179763,Seo,M H,MH,NULL,NULL,NULL,NULL
12179763,Tan,B A,BA,NULL,NULL,NULL,NULL
12211241,Ottenhoff,Tom H M,TH,NULL,NULL,NULL,NULL
12211266,Cohen,Cynthia B,CB,NULL,NULL,NULL,"Kennedy Institute of Ethics, Georgetown University, Washington, DC, USA."
12219757,Kim,O J,OJ,NULL,NULL,NULL,"Department of the Medical History and Medical Humanities, Seoul National University College of Medicine."
12227380,Webster,Charles,C,NULL,NULL,NULL,"All Souls College, Oxford."
12230355,NULL,NULL,NULL,NULL,NULL,U.S. Preventive Services Task Force,NULL
12349809,Chinkin,C,C,NULL,NULL,NULL,NULL
12369570,Adams,Gregory R,GR,NULL,NULL,NULL,NULL
12501715,Cui,W,W,NULL,NULL,NULL,NULL
12599353,Sabatino,C P,CP,NULL,NULL,NULL,"American Bar Association, Commission on Legal Problems of the Elderly, USA."
12416895,Schlembach,Pamela J,PJ,NULL,NULL,NULL,"Department of Radiation Oncology, The University of Texas M. D. Anderson Cancer Center, Houston 77030-4009, USA."
12416895,Wilder,Richard B,RB,NULL,NULL,NULL,NULL
12416895,Jones,Dan,D,NULL,NULL,NULL,NULL
12416895,Ha,Chul S,CS,NULL,NULL,NULL,NULL
12416895,Fayad,Luis E,LE,NULL,NULL,NULL,NULL
12416895,Younes,Anas,A,NULL,NULL,NULL,NULL
12416895,Hagemeister,Fredrick,F,NULL,NULL,NULL,NULL
12416895,Hess,Mark,M,NULL,NULL,NULL,NULL
12416895,Cabanillas,Fernando,F,NULL,NULL,NULL,NULL
12416895,Cox,James D,JD,NULL,NULL,NULL,NULL
12599354,Goldmeier,K E,KE,NULL,NULL,NULL,NULL
11909345,Aubert,B,B,NULL,NULL,NULL,"Laboratoire de Physique des Particules, F-74941 Annecy-le-Vieux, France."
11909345,Boutigny,D,D,NULL,NULL,NULL,NULL
11909345,Gaillard,J-M,JM,NULL,NULL,NULL,NULL
11909345,Hicheur,A,A,NULL,NULL,NULL,NULL
11909345,Karyotakis,Y,Y,NULL,NULL,NULL,NULL
11909345,Lees,J P,JP,NULL,NULL,NULL,NULL
11909345,Robbe,P,P,NULL,NULL,NULL,NULL
11909345,Tisserand,V,V,NULL,NULL,NULL,NULL
11909345,Palano,A,A,NULL,NULL,NULL,NULL
11909345,Chen,G P,GP,NULL,NULL,NULL,NULL
11909345,Chen,J C,JC,NULL,NULL,NULL,NULL
11909345,Qi,N D,ND,NULL,NULL,NULL,NULL
11909345,Rong,G,G,NULL,NULL,NULL,NULL
11909345,Wang,P,P,NULL,NULL,NULL,NULL
11909345,Zhu,Y S,YS,NULL,NULL,NULL,NULL
11909345,Eigen,G,G,NULL,NULL,NULL,NULL
11909345,Reinertsen,P L,PL,NULL,NULL,NULL,NULL
11909345,Stugu,B,B,NULL,NULL,NULL,NULL
11909345,Abbott,B,B,NULL,NULL,NULL,NULL
11909345,Abrams,G S,GS,NULL,NULL,NULL,NULL
11909345,Borgland,A W,AW,NULL,NULL,NULL,NULL
11909345,Breon,A B,AB,NULL,NULL,NULL,NULL
11909345,Brown,D N,DN,NULL,NULL,NULL,NULL
11909345,Button-Shafer,J,J,NULL,NULL,NULL,NULL
11909345,Cahn,R N,RN,NULL,NULL,NULL,NULL
11909345,Clark,A R,AR,NULL,NULL,NULL,NULL
11909345,Gill,M S,MS,NULL,NULL,NULL,NULL
11909345,Gritsan,A V,AV,NULL,NULL,NULL,NULL
11909345,Groysman,Y,Y,NULL,NULL,NULL,NULL
11909345,Jacobsen,R G,RG,NULL,NULL,NULL,NULL
11909345,Kadel,R W,RW,NULL,NULL,NULL,NULL
11909345,Kadyk,J,J,NULL,NULL,NULL,NULL
11909345,Kerth,L T,LT,NULL,NULL,NULL,NULL
11909345,Kluth,S,S,NULL,NULL,NULL,NULL
11909345,Kolomensky,Yu G,YG,NULL,NULL,NULL,NULL
11909345,Kral,J F,JF,NULL,NULL,NULL,NULL
11909345,LeClerc,C,C,NULL,NULL,NULL,NULL
11909345,Levi,M E,ME,NULL,NULL,NULL,NULL
11909345,Liu,T,T,NULL,NULL,NULL,NULL
11909345,Lynch,G,G,NULL,NULL,NULL,NULL
11909345,Meyer,A B,AB,NULL,NULL,NULL,NULL
11909345,Momayezi,M,M,NULL,NULL,NULL,NULL
11909345,Oddone,P J,PJ,NULL,NULL,NULL,NULL
11909345,Perazzo,A,A,NULL,NULL,NULL,NULL
11909345,Pripstein,M,M,NULL,NULL,NULL,NULL
11909345,Roe,N A,NA,NULL,NULL,NULL,NULL
11909345,Romosan,A,A,NULL,NULL,NULL,NULL
11909345,Ronan,M T,MT,NULL,NULL,NULL,NULL
11909345,Shelkov,V G,VG,NULL,NULL,NULL,NULL
11909345,Telnov,A V,AV,NULL,NULL,NULL,NULL
11909345,Wenzel,W A,WA,NULL,NULL,NULL,NULL
11909345,Zisman,M S,MS,NULL,NULL,NULL,NULL
11909345,Bright-Thomas,P G,PG,NULL,NULL,NULL,NULL
11909345,Harrison,T J,TJ,NULL,NULL,NULL,NULL
11909345,Hawkes,C M,CM,NULL,NULL,NULL,NULL
11909345,Knowles,D J,DJ,NULL,NULL,NULL,NULL
11909345,O'Neale,S W,SW,NULL,NULL,NULL,NULL
11909345,Penny,R C,RC,NULL,NULL,NULL,NULL
11909345,Watson,A T,AT,NULL,NULL,NULL,NULL
11909345,Watson,N K,NK,NULL,NULL,NULL,NULL
11909345,Deppermann,T,T,NULL,NULL,NULL,NULL
11909345,Goetzen,K,K,NULL,NULL,NULL,NULL
11909345,Koch,H,H,NULL,NULL,NULL,NULL
11909345,Krug,J,J,NULL,NULL,NULL,NULL
11909345,Kunze,M,M,NULL,NULL,NULL,NULL
11909345,Lewandowski,B,B,NULL,NULL,NULL,NULL
11909345,Peters,K,K,NULL,NULL,NULL,NULL
11909345,Schmuecker,H,H,NULL,NULL,NULL,NULL
11909345,Steinke,M,M,NULL,NULL,NULL,NULL
11909345,Andress,J C,JC,NULL,NULL,NULL,NULL
11909345,Barlow,N R,NR,NULL,NULL,NULL,NULL
11909345,Bhimji,W,W,NULL,NULL,NULL,NULL
11909345,Chevalier,N,N,NULL,NULL,NULL,NULL
11909345,Clark,P J,PJ,NULL,NULL,NULL,NULL
11909345,Cottingham,W N,WN,NULL,NULL,NULL,NULL
11909345,De Groot,N,N,NULL,NULL,NULL,NULL
11909345,Dyce,N,N,NULL,NULL,NULL,NULL
11909345,Foster,B,B,NULL,NULL,NULL,NULL
11909345,McFall,J D,JD,NULL,NULL,NULL,NULL
11909345,Wallom,D,D,NULL,NULL,NULL,NULL
11909345,Wilson,F F,FF,NULL,NULL,NULL,NULL
11909345,Abe,K,K,NULL,NULL,NULL,NULL
11909345,Hearty,C,C,NULL,NULL,NULL,NULL
11909345,Mattison,T S,TS,NULL,NULL,NULL,NULL
11909345,McKenna,J A,JA,NULL,NULL,NULL,NULL
11909345,Thiessen,D,D,NULL,NULL,NULL,NULL
11909345,Jolly,S,S,NULL,NULL,NULL,NULL
11909345,McKemey,A K,AK,NULL,NULL,NULL,NULL
11909345,Tinslay,J,J,NULL,NULL,NULL,NULL
11909345,Blinov,V E,VE,NULL,NULL,NULL,NULL
11909345,Bukin,A D,AD,NULL,NULL,NULL,NULL
11909345,Bukin,D A,DA,NULL,NULL,NULL,NULL
11909345,Buzykaev,A R,AR,NULL,NULL,NULL,NULL
11909345,Golubev,V B,VB,NULL,NULL,NULL,NULL
11909345,Ivanchenko,V N,VN,NULL,NULL,NULL,NULL
11909345,Korol,A A,AA,NULL,NULL,NULL,NULL
11909345,Kravchenko,E A,EA,NULL,NULL,NULL,NULL
11909345,Onuchin,A P,AP,NULL,NULL,NULL,NULL
11909345,Salnikov,A A,AA,NULL,NULL,NULL,NULL
11909345,Serednyakov,S I,SI,NULL,NULL,NULL,NULL
11909345,Skovpen,Yu I,YI,NULL,NULL,NULL,NULL
11909345,Telnov,V I,VI,NULL,NULL,NULL,NULL
11909345,Yushkov,A N,AN,NULL,NULL,NULL,NULL
11909345,Best,D,D,NULL,NULL,NULL,NULL
11909345,Lankford,A J,AJ,NULL,NULL,NULL,NULL
11909345,Mandelkern,M,M,NULL,NULL,NULL,NULL
11909345,McMahon,S,S,NULL,NULL,NULL,NULL
11909345,Stoker,D P,DP,NULL,NULL,NULL,NULL
11909345,Ahsan,A,A,NULL,NULL,NULL,NULL
11909345,Arisaka,K,K,NULL,NULL,NULL,NULL
11909345,Buchanan,C,C,NULL,NULL,NULL,NULL
11909345,Chun,S,S,NULL,NULL,NULL,NULL
11909345,Branson,J G,JG,NULL,NULL,NULL,NULL
11909345,MacFarlane,D B,DB,NULL,NULL,NULL,NULL
11909345,Prell,S,S,NULL,NULL,NULL,NULL
11909345,Rahatlou,Sh,Sh,NULL,NULL,NULL,NULL
11909345,Raven,G,G,NULL,NULL,NULL,NULL
11909345,Sharma,V,V,NULL,NULL,NULL,NULL
11909345,Campagnari,C,C,NULL,NULL,NULL,NULL
11909345,Dahmes,B,B,NULL,NULL,NULL,NULL
11909345,Hart,P A,PA,NULL,NULL,NULL,NULL
11909345,Kuznetsova,N,N,NULL,NULL,NULL,NULL
11909345,Levy,S L,SL,NULL,NULL,NULL,NULL
11909345,Long,O,O,NULL,NULL,NULL,NULL
11909345,Lu,A,A,NULL,NULL,NULL,NULL
11909345,Richman,J D,JD,NULL,NULL,NULL,NULL
11909345,Verkerke,W,W,NULL,NULL,NULL,NULL
11909345,Witherell,M,M,NULL,NULL,NULL,NULL
11909345,Yellin,S,S,NULL,NULL,NULL,NULL
11909345,Beringer,J,J,NULL,NULL,NULL,NULL
11909345,Dorfan,D E,DE,NULL,NULL,NULL,NULL
11909345,Eisner,A M,AM,NULL,NULL,NULL,NULL
11909345,Frey,A,A,NULL,NULL,NULL,NULL
11909345,Grillo,A A,AA,NULL,NULL,NULL,NULL
11909345,Grothe,M,M,NULL,NULL,NULL,NULL
11909345,Heusch,C A,CA,NULL,NULL,NULL,NULL
11909345,Johnson,R P,RP,NULL,NULL,NULL,NULL
11909345,Kroeger,W,W,NULL,NULL,NULL,NULL
11909345,Lockman,W S,WS,NULL,NULL,NULL,NULL
11909345,Pulliam,T,T,NULL,NULL,NULL,NULL
11909345,Sadrozinski,H,H,NULL,NULL,NULL,NULL
11909345,Schalk,T,T,NULL,NULL,NULL,NULL
11909345,Schmitz,R E,RE,NULL,NULL,NULL,NULL
11909345,Schumm,B A,BA,NULL,NULL,NULL,NULL
11909345,Seiden,A,A,NULL,NULL,NULL,NULL
11909345,Turri,M,M,NULL,NULL,NULL,NULL
11909345,Walkowiak,W,W,NULL,NULL,NULL,NULL
11909345,Williams,D C,DC,NULL,NULL,NULL,NULL
11909345,Wilson,M G,MG,NULL,NULL,NULL,NULL
11909345,Chen,E,E,NULL,NULL,NULL,NULL
11909345,Dubois-Felsmann,G P,GP,NULL,NULL,NULL,NULL
11909345,Dvoretskii,A,A,NULL,NULL,NULL,NULL
11909345,Hitlin,D G,DG,NULL,NULL,NULL,NULL
11909345,Metzler,S,S,NULL,NULL,NULL,NULL
11909345,Oyang,J,J,NULL,NULL,NULL,NULL
11909345,Porter,F C,FC,NULL,NULL,NULL,NULL
11909345,Ryd,A,A,NULL,NULL,NULL,NULL
11909345,Samuel,A,A,NULL,NULL,NULL,NULL
11909345,Weaver,M,M,NULL,NULL,NULL,NULL
11909345,Yang,S,S,NULL,NULL,NULL,NULL
11909345,Zhu,R Y,RY,NULL,NULL,NULL,NULL
11909345,Devmal,S,S,NULL,NULL,NULL,NULL
11909345,Geld,T L,TL,NULL,NULL,NULL,NULL
11909345,Jayatilleke,S,S,NULL,NULL,NULL,NULL
11909345,Mancinelli,G,G,NULL,NULL,NULL,NULL
11909345,Meadows,B T,BT,NULL,NULL,NULL,NULL
11909345,Sokoloff,M D,MD,NULL,NULL,NULL,NULL
11909345,Barillari,T,T,NULL,NULL,NULL,NULL
11909345,Bloom,P,P,NULL,NULL,NULL,NULL
11909345,Dima,M O,MO,NULL,NULL,NULL,NULL
11909345,Fahey,S,S,NULL,NULL,NULL,NULL
11909345,Ford,W T,WT,NULL,NULL,NULL,NULL
11909345,Johnson,D R,DR,NULL,NULL,NULL,NULL
11909345,Nauenberg,U,U,NULL,NULL,NULL,NULL
11909345,Olivas,A,A,NULL,NULL,NULL,NULL
11909345,Park,H,H,NULL,NULL,NULL,NULL
11909345,Rankin,P,P,NULL,NULL,NULL,NULL
11909345,Roy,J,J,NULL,NULL,NULL,NULL
11909345,Sen,S,S,NULL,NULL,NULL,NULL
11909345,Smith,J G,JG,NULL,NULL,NULL,NULL
11909345,van Hoek,W C,WC,NULL,NULL,NULL,NULL
11909345,Wagner,D L,DL,NULL,NULL,NULL,NULL
11909345,Blouw,J,J,NULL,NULL,NULL,NULL
11909345,Harton,J L,JL,NULL,NULL,NULL,NULL
11909345,Krishnamurthy,M,M,NULL,NULL,NULL,NULL
11909345,Soffer,A,A,NULL,NULL,NULL,NULL
11909345,Toki,W H,WH,NULL,NULL,NULL,NULL
11909345,Wilson,R J,RJ,NULL,NULL,NULL,NULL
11909345,Zhang,J,J,NULL,NULL,NULL,NULL
11909345,Brandt,T,T,NULL,NULL,NULL,NULL
11909345,Brose,J,J,NULL,NULL,NULL,NULL
11909345,Colberg,T,T,NULL,NULL,NULL,NULL
11909345,Dahlinger,G,G,NULL,NULL,NULL,NULL
11909345,Dickopp,M,M,NULL,NULL,NULL,NULL
11909345,Dubitzky,R S,RS,NULL,NULL,NULL,NULL
11909345,Hauke,A,A,NULL,NULL,NULL,NULL
11909345,Maly,E,E,NULL,NULL,NULL,NULL
11909345,Müller-Pfefferkorn,R,R,NULL,NULL,NULL,NULL
11909345,Otto,S,S,NULL,NULL,NULL,NULL
11909345,Schubert,K R,KR,NULL,NULL,NULL,NULL
11909345,Schwierz,R,R,NULL,NULL,NULL,NULL
11909345,Spaan,B,B,NULL,NULL,NULL,NULL
11909345,Wilden,L,L,NULL,NULL,NULL,NULL
11909345,Behr,L,L,NULL,NULL,NULL,NULL
11909345,Bernard,D,D,NULL,NULL,NULL,NULL
11909345,Bonneaud,G R,GR,NULL,NULL,NULL,NULL
11909345,Brochard,F,F,NULL,NULL,NULL,NULL
11909345,Cohen-Tanugi,J,J,NULL,NULL,NULL,NULL
11909345,Ferrag,S,S,NULL,NULL,NULL,NULL
11909345,Roussot,E,E,NULL,NULL,NULL,NULL
11909345,T'Jampens,S,S,NULL,NULL,NULL,NULL
11909345,Thiebaux,Ch,Ch,NULL,NULL,NULL,NULL
11909345,Vasileiadis,G,G,NULL,NULL,NULL,NULL
11909345,Verderi,M,M,NULL,NULL,NULL,NULL
11909345,Anjomshoaa,A,A,NULL,NULL,NULL,NULL
11909345,Bernet,R,R,NULL,NULL,NULL,NULL
11909345,Khan,A,A,NULL,NULL,NULL,NULL
11909345,Lavin,D,D,NULL,NULL,NULL,NULL
11909345,Muheim,F,F,NULL,NULL,NULL,NULL
11909345,Playfer,S,S,NULL,NULL,NULL,NULL
11909345,Swain,J E,JE,NULL,NULL,NULL,NULL
11909345,Falbo,M,M,NULL,NULL,NULL,NULL
11909345,Borean,C,C,NULL,NULL,NULL,NULL
11909345,Bozzi,C,C,NULL,NULL,NULL,NULL
11909345,Dittongo,S,S,NULL,NULL,NULL,NULL
11909345,Folegani,M,M,NULL,NULL,NULL,NULL
11909345,Piemontese,L,L,NULL,NULL,NULL,NULL
11909345,Treadwell,E,E,NULL,NULL,NULL,NULL
11909345,Anulli,F,F,NULL,NULL,NULL,NULL
11909345,Baldini-Ferroli,R,R,NULL,NULL,NULL,NULL
11909345,Calcaterra,A,A,NULL,NULL,NULL,NULL
11909345,de Sangro,R,R,NULL,NULL,NULL,NULL
11909345,Falciai,D,D,NULL,NULL,NULL,NULL
11909345,Finocchiaro,G,G,NULL,NULL,NULL,NULL
11909345,Patteri,P,P,NULL,NULL,NULL,NULL
11909345,Peruzzi,I M,IM,NULL,NULL,NULL,NULL
11909345,Piccolo,M,M,NULL,NULL,NULL,NULL
11909345,Xie,Y,Y,NULL,NULL,NULL,NULL
11909345,Zallo,A,A,NULL,NULL,NULL,NULL
11909345,Bagnasco,S,S,NULL,NULL,NULL,NULL
11909345,Buzzo,A,A,NULL,NULL,NULL,NULL
11909345,Contri,R,R,NULL,NULL,NULL,NULL
11909345,Crosetti,G,G,NULL,NULL,NULL,NULL
11909345,Fabbricatore,P,P,NULL,NULL,NULL,NULL
11909345,Farinon,S,S,NULL,NULL,NULL,NULL
11909345,Lo Vetere,M,M,NULL,NULL,NULL,NULL
11909345,Macri,M,M,NULL,NULL,NULL,NULL
11909345,Monge,M R,MR,NULL,NULL,NULL,NULL
11909345,Musenich,R,R,NULL,NULL,NULL,NULL
11909345,Pallavicini,M,M,NULL,NULL,NULL,NULL
11909345,Parodi,R,R,NULL,NULL,NULL,NULL
11909345,Passaggio,S,S,NULL,NULL,NULL,NULL
11909345,Pastore,F C,FC,NULL,NULL,NULL,NULL
11909345,Patrignani,C,C,NULL,NULL,NULL,NULL
11909345,Pia,M G,MG,NULL,NULL,NULL,NULL
11909345,Priano,C,C,NULL,NULL,NULL,NULL
11909345,Robutti,E,E,NULL,NULL,NULL,NULL
11909345,Santroni,A,A,NULL,NULL,NULL,NULL
11909345,Morii,M,M,NULL,NULL,NULL,NULL
11909345,Bartoldus,R,R,NULL,NULL,NULL,NULL
11909345,Dignan,T,T,NULL,NULL,NULL,NULL
11909345,Hamilton,R,R,NULL,NULL,NULL,NULL
11909345,Mallik,U,U,NULL,NULL,NULL,NULL
11909345,Cochran,J,J,NULL,NULL,NULL,NULL
11909345,Crawley,H B,HB,NULL,NULL,NULL,NULL
11909345,Fischer,P-A,PA,NULL,NULL,NULL,NULL
11909345,Lamsa,J,J,NULL,NULL,NULL,NULL
11909345,Meyer,W T,WT,NULL,NULL,NULL,NULL
11909345,Rosenberg,E I,EI,NULL,NULL,NULL,NULL
11909345,Benkebil,M,M,NULL,NULL,NULL,NULL
11909345,Grosdidier,G,G,NULL,NULL,NULL,NULL
11909345,Hast,C,C,NULL,NULL,NULL,NULL
11909345,Höcker,A,A,NULL,NULL,NULL,NULL
11909345,Lacker,H M,HM,NULL,NULL,NULL,NULL
11909345,Laplace,S,S,NULL,NULL,NULL,NULL
11909345,Lepeltier,V,V,NULL,NULL,NULL,NULL
11909345,Lutz,A M,AM,NULL,NULL,NULL,NULL
11909345,Plaszczynski,S,S,NULL,NULL,NULL,NULL
11909345,Schune,M H,MH,NULL,NULL,NULL,NULL
11909345,Trincaz-Duvoid,S,S,NULL,NULL,NULL,NULL
11909345,Valassi,A,A,NULL,NULL,NULL,NULL
11909345,Wormser,G,G,NULL,NULL,NULL,NULL
11909345,Bionta,R M,RM,NULL,NULL,NULL,NULL
11909345,Brigljević,V V,VV,NULL,NULL,NULL,NULL
11909345,Lange,D J,DJ,NULL,NULL,NULL,NULL
11909345,Mugge,M,M,NULL,NULL,NULL,NULL
11909345,Shi,X,X,NULL,NULL,NULL,NULL
11909345,van Bibber,K,K,NULL,NULL,NULL,NULL
11909345,Wenaus,T J,TJ,NULL,NULL,NULL,NULL
11909345,Wright,D M,DM,NULL,NULL,NULL,NULL
11909345,Wuest,C R,CR,NULL,NULL,NULL,NULL
11909345,Carroll,M,M,NULL,NULL,NULL,NULL
11909345,Fry,J R,JR,NULL,NULL,NULL,NULL
11909345,Gabathuler,E,E,NULL,NULL,NULL,NULL
11909345,Gamet,R,R,NULL,NULL,NULL,NULL
11909345,George,M,M,NULL,NULL,NULL,NULL
11909345,Kay,M,M,NULL,NULL,NULL,NULL
11909345,Payne,D J,DJ,NULL,NULL,NULL,NULL
11909345,Sloane,R J,RJ,NULL,NULL,NULL,NULL
11909345,Touramanis,C,C,NULL,NULL,NULL,NULL
11909345,Aspinwall,M L,ML,NULL,NULL,NULL,NULL
11909345,Bowerman,D A,DA,NULL,NULL,NULL,NULL
11909345,Dauncey,P D,PD,NULL,NULL,NULL,NULL
11909345,Egede,U,U,NULL,NULL,NULL,NULL
11909345,Eschrich,I,I,NULL,NULL,NULL,NULL
11909345,Gunawardane,N J W,NJ,NULL,NULL,NULL,NULL
11909345,Nash,J A,JA,NULL,NULL,NULL,NULL
11909345,Sanders,P,P,NULL,NULL,NULL,NULL
11909345,Smith,D,D,NULL,NULL,NULL,NULL
11909345,Azzopardi,D E,DE,NULL,NULL,NULL,NULL
11909345,Back,J J,JJ,NULL,NULL,NULL,NULL
11909345,Dixon,P,P,NULL,NULL,NULL,NULL
11909345,Harrison,P F,PF,NULL,NULL,NULL,NULL
11909345,Potter,R J L,RJ,NULL,NULL,NULL,NULL
11909345,Shorthouse,H W,HW,NULL,NULL,NULL,NULL
11909345,Strother,P,P,NULL,NULL,NULL,NULL
11909345,Vidal,P B,PB,NULL,NULL,NULL,NULL
11909345,Williams,M I,MI,NULL,NULL,NULL,NULL
11909345,Cowan,G,G,NULL,NULL,NULL,NULL
11909345,George,S,S,NULL,NULL,NULL,NULL
11909345,Green,M G,MG,NULL,NULL,NULL,NULL
11909345,Kurup,A,A,NULL,NULL,NULL,NULL
11909345,Marker,C E,CE,NULL,NULL,NULL,NULL
11909345,McGrath,P,P,NULL,NULL,NULL,NULL
11909345,McMahon,T R,TR,NULL,NULL,NULL,NULL
11909345,Ricciardi,S,S,NULL,NULL,NULL,NULL
11909345,Salvatore,F,F,NULL,NULL,NULL,NULL
11909345,Scott,I,I,NULL,NULL,NULL,NULL
11909345,Vaitsas,G,G,NULL,NULL,NULL,NULL
11909345,Brown,D,D,NULL,NULL,NULL,NULL
11909345,Davis,C L,CL,NULL,NULL,NULL,NULL
11909345,Allison,J,J,NULL,NULL,NULL,NULL
11909345,Barlow,R J,RJ,NULL,NULL,NULL,NULL
11909345,Boyd,J T,JT,NULL,NULL,NULL,NULL
11909345,Forti,A C,AC,NULL,NULL,NULL,NULL
11909345,Fullwood,J,J,NULL,NULL,NULL,NULL
11909345,Jackson,F,F,NULL,NULL,NULL,NULL
11909345,Lafferty,G D,GD,NULL,NULL,NULL,NULL
11909345,Savvas,N,N,NULL,NULL,NULL,NULL
11909345,Simopoulos,E T,ET,NULL,NULL,NULL,NULL
11909345,Weatherall,J H,JH,NULL,NULL,NULL,NULL
11909345,Farbin,A,A,NULL,NULL,NULL,NULL
11909345,Jawahery,A,A,NULL,NULL,NULL,NULL
11909345,Lillard,V,V,NULL,NULL,NULL,NULL
11909345,Olsen,J,J,NULL,NULL,NULL,NULL
11909345,Roberts,D A,DA,NULL,NULL,NULL,NULL
11909345,Schieck,J R,JR,NULL,NULL,NULL,NULL
11909345,Blaylock,G,G,NULL,NULL,NULL,NULL
11909345,Dallapiccola,C,C,NULL,NULL,NULL,NULL
11909345,Flood,K T,KT,NULL,NULL,NULL,NULL
11909345,Hertzbach,S S,SS,NULL,NULL,NULL,NULL
11909345,Kofler,R,R,NULL,NULL,NULL,NULL
11909345,Moore,T B,TB,NULL,NULL,NULL,NULL
11909345,Staengle,H,H,NULL,NULL,NULL,NULL
11909345,Willocq,S,S,NULL,NULL,NULL,NULL
11909345,Brau,B,B,NULL,NULL,NULL,NULL
11909345,Cowan,R,R,NULL,NULL,NULL,NULL
11909345,Sciolla,G,G,NULL,NULL,NULL,NULL
11909345,Taylor,F,F,NULL,NULL,NULL,NULL
11909345,Yamamoto,R K,RK,NULL,NULL,NULL,NULL
11909345,Milek,M,M,NULL,NULL,NULL,NULL
11909345,Patel,P M,PM,NULL,NULL,NULL,NULL
11909345,Trischuk,J,J,NULL,NULL,NULL,NULL
11909345,Lanni,F,F,NULL,NULL,NULL,NULL
11909345,Palombo,F,F,NULL,NULL,NULL,NULL
11909345,Bauer,J M,JM,NULL,NULL,NULL,NULL
11909345,Booke,M,M,NULL,NULL,NULL,NULL
11909345,Cremaldi,L,L,NULL,NULL,NULL,NULL
11909345,Eschenburg,V,V,NULL,NULL,NULL,NULL
11909345,Kroeger,R,R,NULL,NULL,NULL,NULL
11909345,Reidy,J,J,NULL,NULL,NULL,NULL
11909345,Sanders,D A,DA,NULL,NULL,NULL,NULL
11909345,Summers,D J,DJ,NULL,NULL,NULL,NULL
11909345,Martin,J P,JP,NULL,NULL,NULL,NULL
11909345,Nief,J Y,JY,NULL,NULL,NULL,NULL
11909345,Seitz,R,R,NULL,NULL,NULL,NULL
11909345,Taras,P,P,NULL,NULL,NULL,NULL
11909345,Zacek,V,V,NULL,NULL,NULL,NULL
11909345,Nicholson,H,H,NULL,NULL,NULL,NULL
11909345,Sutton,C S,CS,NULL,NULL,NULL,NULL
11909345,Cartaro,C,C,NULL,NULL,NULL,NULL
11909345,Cavallo,N,N,NULL,NULL,NULL,NULL
11909345,De Nardo,G,G,NULL,NULL,NULL,NULL
11909345,Fabozzi,F,F,NULL,NULL,NULL,NULL
11909345,Gatto,C,C,NULL,NULL,NULL,NULL
11909345,Lista,L,L,NULL,NULL,NULL,NULL
11909345,Paolucci,P,P,NULL,NULL,NULL,NULL
11909345,Piccolo,D,D,NULL,NULL,NULL,NULL
11909345,Sciacca,C,C,NULL,NULL,NULL,NULL
11909345,LoSecco,J M,JM,NULL,NULL,NULL,NULL
11909345,Alsmiller,J R G,JR,NULL,NULL,NULL,NULL
11909345,Gabriel,T A,TA,NULL,NULL,NULL,NULL
11909345,Handler,T,T,NULL,NULL,NULL,NULL
11909345,Brau,J,J,NULL,NULL,NULL,NULL
11909345,Frey,R,R,NULL,NULL,NULL,NULL
11909345,Iwasaki,M,M,NULL,NULL,NULL,NULL
11909345,Sinev,N B,NB,NULL,NULL,NULL,NULL
11909345,Strom,D,D,NULL,NULL,NULL,NULL
11909345,Colecchia,F,F,NULL,NULL,NULL,NULL
11909345,Dal Corso,F,F,NULL,NULL,NULL,NULL
11909345,Dorigo,A,A,NULL,NULL,NULL,NULL
11909345,Galeazzi,F,F,NULL,NULL,NULL,NULL
11909345,Margoni,M,M,NULL,NULL,NULL,NULL
11909345,Michelon,G,G,NULL,NULL,NULL,NULL
11909345,Morandin,M,M,NULL,NULL,NULL,NULL
11909345,Posocco,M,M,NULL,NULL,NULL,NULL
11909345,Rotondo,M,M,NULL,NULL,NULL,NULL
11909345,Simonetto,F,F,NULL,NULL,NULL,NULL
11909345,Stroili,R,R,NULL,NULL,NULL,NULL
11909345,Torassa,E,E,NULL,NULL,NULL,NULL
11909345,Voci,C,C,NULL,NULL,NULL,NULL
11909345,Benayoun,M,M,NULL,NULL,NULL,NULL
11909345,Briand,H,H,NULL,NULL,NULL,NULL
11909345,Chauveau,J,J,NULL,NULL,NULL,NULL
11909345,David,P,P,NULL,NULL,NULL,NULL
11909345,de La Vaissière,Ch,Ch,NULL,NULL,NULL,NULL
11909345,Del Buono,L,L,NULL,NULL,NULL,NULL
11909345,Hamon,O,O,NULL,NULL,NULL,NULL
11909345,Le Diberder,F,F,NULL,NULL,NULL,NULL
11909345,Leruste,Ph,P,NULL,NULL,NULL,NULL
11909345,Lory,J,J,NULL,NULL,NULL,NULL
11909345,Roos,L,L,NULL,NULL,NULL,NULL
11909345,Stark,J,J,NULL,NULL,NULL,NULL
11909345,Versillé,S,S,NULL,NULL,NULL,NULL
11909345,Manfredi,P F,PF,NULL,NULL,NULL,NULL
11909345,Re,V,V,NULL,NULL,NULL,NULL
11909345,Speziali,V,V,NULL,NULL,NULL,NULL
11909345,Frank,E D,ED,NULL,NULL,NULL,NULL
11909345,Gladney,L,L,NULL,NULL,NULL,NULL
11909345,Guo,Q H,QH,NULL,NULL,NULL,NULL
11909345,Panetta,J H,JH,NULL,NULL,NULL,NULL
11909345,Angelini,C,C,NULL,NULL,NULL,NULL
11909345,Batignani,G,G,NULL,NULL,NULL,NULL
11909345,Bettarini,S,S,NULL,NULL,NULL,NULL
11909345,Bondioli,M,M,NULL,NULL,NULL,NULL
11909345,Carpinelli,M,M,NULL,NULL,NULL,NULL
11909345,Forti,F,F,NULL,NULL,NULL,NULL
11909345,Giorgi,M A,MA,NULL,NULL,NULL,NULL
11909345,Lusiani,A,A,NULL,NULL,NULL,NULL
11909345,Martinez-Vidal,F,F,NULL,NULL,NULL,NULL
11909345,Morganti,M,M,NULL,NULL,NULL,NULL
11909345,Neri,N,N,NULL,NULL,NULL,NULL
11909345,Paoloni,E,E,NULL,NULL,NULL,NULL
11909345,Rama,M,M,NULL,NULL,NULL,NULL
11909345,Rizzo,G,G,NULL,NULL,NULL,NULL
11909345,Sandrelli,F,F,NULL,NULL,NULL,NULL
11909345,Simi,G,G,NULL,NULL,NULL,NULL
11909345,Triggiani,G,G,NULL,NULL,NULL,NULL
11909345,Walsh,J,J,NULL,NULL,NULL,NULL
11909345,Haire,M,M,NULL,NULL,NULL,NULL
11909345,Judd,D,D,NULL,NULL,NULL,NULL
11909345,Paick,K,K,NULL,NULL,NULL,NULL
11909345,Turnbull,L,L,NULL,NULL,NULL,NULL
11909345,Wagoner,D E,DE,NULL,NULL,NULL,NULL
11909345,Albert,J,J,NULL,NULL,NULL,NULL
11909345,Bula,C,C,NULL,NULL,NULL,NULL
11909345,Elmer,P,P,NULL,NULL,NULL,NULL
11909345,Lu,C,C,NULL,NULL,NULL,NULL
11909345,McDonald,K T,KT,NULL,NULL,NULL,NULL
11909345,Miftakov,V,V,NULL,NULL,NULL,NULL
11909345,Schaffner,S F,SF,NULL,NULL,NULL,NULL
11909345,Smith,A J S,AJ,NULL,NULL,NULL,NULL
11909345,Tumanov,A,A,NULL,NULL,NULL,NULL
11909345,Varnes,E W,EW,NULL,NULL,NULL,NULL
11909345,Cavoto,G,G,NULL,NULL,NULL,NULL
11909345,del Re,D,D,NULL,NULL,NULL,NULL
11909345,Faccini,R,R,NULL,NULL,NULL,NULL
11909345,Ferrarotto,F,F,NULL,NULL,NULL,NULL
11909345,Ferroni,F,F,NULL,NULL,NULL,NULL
11909345,Fratini,K,K,NULL,NULL,NULL,NULL
11909345,Lamanna,E,E,NULL,NULL,NULL,NULL
11909345,Leonardi,E,E,NULL,NULL,NULL,NULL
11909345,Mazzoni,M A,MA,NULL,NULL,NULL,NULL
11909345,Morganti,S,S,NULL,NULL,NULL,NULL
11909345,Piredda,G,G,NULL,NULL,NULL,NULL
11909345,Safai Tehrani,F,F,NULL,NULL,NULL,NULL
11909345,Serra,M,M,NULL,NULL,NULL,NULL
11909345,Voena,C,C,NULL,NULL,NULL,NULL
11909345,Christ,S,S,NULL,NULL,NULL,NULL
11909345,Waldi,R,R,NULL,NULL,NULL,NULL
11909345,Adye,T,T,NULL,NULL,NULL,NULL
11909345,Franek,B,B,NULL,NULL,NULL,NULL
11909345,Geddes,N I,NI,NULL,NULL,NULL,NULL
11909345,Gopal,G P,GP,NULL,NULL,NULL,NULL
11909345,Xella,S M,SM,NULL,NULL,NULL,NULL
11909345,Aleksan,R,R,NULL,NULL,NULL,NULL
11909345,De Domenico,G,G,NULL,NULL,NULL,NULL
11909345,Emery,S,S,NULL,NULL,NULL,NULL
11909345,Gaidot,A,A,NULL,NULL,NULL,NULL
11909345,Ganzhur,S F,SF,NULL,NULL,NULL,NULL
11909345,Giraud,P-F,PF,NULL,NULL,NULL,NULL
11909345,Hamel Monchenault,G,G,NULL,NULL,NULL,NULL
11909345,Kozanecki,W,W,NULL,NULL,NULL,NULL
11909345,Langer,M,M,NULL,NULL,NULL,NULL
11909345,London,G W,GW,NULL,NULL,NULL,NULL
11909345,Mayer,B,B,NULL,NULL,NULL,NULL
11909345,Serfass,B,B,NULL,NULL,NULL,NULL
11909345,Vasseur,G,G,NULL,NULL,NULL,NULL
11909345,Yèche,Ch,Ch,NULL,NULL,NULL,NULL
11909345,Zito,M,M,NULL,NULL,NULL,NULL
11909345,Copty,N,N,NULL,NULL,NULL,NULL
11909345,Purohit,M V,MV,NULL,NULL,NULL,NULL
11909345,Singh,H,H,NULL,NULL,NULL,NULL
11909345,Yumiceva,F X,FX,NULL,NULL,NULL,NULL
11909345,Adam,I,I,NULL,NULL,NULL,NULL
11909345,Anthony,P L,PL,NULL,NULL,NULL,NULL
11909345,Aston,D,D,NULL,NULL,NULL,NULL
11909345,Baird,K,K,NULL,NULL,NULL,NULL
11909345,Berger,J P,JP,NULL,NULL,NULL,NULL
11909345,Bloom,E,E,NULL,NULL,NULL,NULL
11909345,Boyarski,A M,AM,NULL,NULL,NULL,NULL
11909345,Bulos,F,F,NULL,NULL,NULL,NULL
11909345,Calderini,G,G,NULL,NULL,NULL,NULL
11909345,Claus,R,R,NULL,NULL,NULL,NULL
11909345,Convery,M R,MR,NULL,NULL,NULL,NULL
11909345,Coupal,D P,DP,NULL,NULL,NULL,NULL
11909345,Coward,D H,DH,NULL,NULL,NULL,NULL
11909345,Dorfan,J,J,NULL,NULL,NULL,NULL
11909345,Doser,M,M,NULL,NULL,NULL,NULL
11909345,Dunwoodie,W,W,NULL,NULL,NULL,NULL
11909345,Field,R C,RC,NULL,NULL,NULL,NULL
11909345,Glanzman,T,T,NULL,NULL,NULL,NULL
11909345,Godfrey,G L,GL,NULL,NULL,NULL,NULL
11909345,Gowdy,S J,SJ,NULL,NULL,NULL,NULL
11909345,Grosso,P,P,NULL,NULL,NULL,NULL
11909345,Himel,T,T,NULL,NULL,NULL,NULL
11909345,Hryn'ova,T,T,NULL,NULL,NULL,NULL
11909345,Huffer,M E,ME,NULL,NULL,NULL,NULL
11909345,Innes,W R,WR,NULL,NULL,NULL,NULL
11909345,Jessop,C P,CP,NULL,NULL,NULL,NULL
11909345,Kelsey,M H,MH,NULL,NULL,NULL,NULL
11909345,Kim,P,P,NULL,NULL,NULL,NULL
11909345,Kocian,M L,ML,NULL,NULL,NULL,NULL
11909345,Langenegger,U,U,NULL,NULL,NULL,NULL
11909345,Leith,D W G S,DW,NULL,NULL,NULL,NULL
11909345,Luitz,S,S,NULL,NULL,NULL,NULL
11909345,Luth,V,V,NULL,NULL,NULL,NULL
11909345,Lynch,H L,HL,NULL,NULL,NULL,NULL
11909345,Marsiske,H,H,NULL,NULL,NULL,NULL
11909345,Menke,S,S,NULL,NULL,NULL,NULL
11909345,Messner,R,R,NULL,NULL,NULL,NULL
11909345,Moffeit,K C,KC,NULL,NULL,NULL,NULL
11909345,Mount,R,R,NULL,NULL,NULL,NULL
11909345,Muller,D R,DR,NULL,NULL,NULL,NULL
11909345,O'Grady,C P,CP,NULL,NULL,NULL,NULL
11909345,Perl,M,M,NULL,NULL,NULL,NULL
11909345,Petrak,S,S,NULL,NULL,NULL,NULL
11909345,Quinn,H,H,NULL,NULL,NULL,NULL
11909345,Ratcliff,B N,BN,NULL,NULL,NULL,NULL
11909345,Robertson,S H,SH,NULL,NULL,NULL,NULL
11909345,Rochester,L S,LS,NULL,NULL,NULL,NULL
11909345,Roodman,A,A,NULL,NULL,NULL,NULL
11909345,Schietinger,T,T,NULL,NULL,NULL,NULL
11909345,Schindler,R H,RH,NULL,NULL,NULL,NULL
11909345,Schwiening,J,J,NULL,NULL,NULL,NULL
11909345,Seeman,J T,JT,NULL,NULL,NULL,NULL
11909345,Serbo,V V,VV,NULL,NULL,NULL,NULL
11909345,Snyder,A,A,NULL,NULL,NULL,NULL
11909345,Soha,A,A,NULL,NULL,NULL,NULL
11909345,Spanier,S M,SM,NULL,NULL,NULL,NULL
11909345,Stelzer,J,J,NULL,NULL,NULL,NULL
11909345,Su,D,D,NULL,NULL,NULL,NULL
11909345,Sullivan,M K,MK,NULL,NULL,NULL,NULL
11909345,Tanaka,H A,HA,NULL,NULL,NULL,NULL
11909345,Va'vra,J,J,NULL,NULL,NULL,NULL
11909345,Wagner,S R,SR,NULL,NULL,NULL,NULL
11909345,Weinstein,A J R,AJ,NULL,NULL,NULL,NULL
11909345,Wienands,U,U,NULL,NULL,NULL,NULL
11909345,Wisniewski,W J,WJ,NULL,NULL,NULL,NULL
11909345,Wright,D H,DH,NULL,NULL,NULL,NULL
11909345,Young,C C,CC,NULL,NULL,NULL,NULL
11909345,Burchat,P R,PR,NULL,NULL,NULL,NULL
11909345,Cheng,C H,CH,NULL,NULL,NULL,NULL
11909345,Kirkby,D,D,NULL,NULL,NULL,NULL
11909345,Meyer,T I,TI,NULL,NULL,NULL,NULL
11909345,Roat,C,C,NULL,NULL,NULL,NULL
11909345,De Silva,A,A,NULL,NULL,NULL,NULL
11909345,Henderson,R,R,NULL,NULL,NULL,NULL
11909345,Bugg,W,W,NULL,NULL,NULL,NULL
11909345,Cohn,H,H,NULL,NULL,NULL,NULL
11909345,Weidemann,A W,AW,NULL,NULL,NULL,NULL
11909345,Izen,J M,JM,NULL,NULL,NULL,NULL
11909345,Kitayama,I,I,NULL,NULL,NULL,NULL
11909345,Lou,X C,XC,NULL,NULL,NULL,NULL
11909345,Turcotte,M,M,NULL,NULL,NULL,NULL
11909345,Bianchi,F,F,NULL,NULL,NULL,NULL
11909345,Bona,M,M,NULL,NULL,NULL,NULL
11909345,Di Girolamo,B,B,NULL,NULL,NULL,NULL
11909345,Gamba,D,D,NULL,NULL,NULL,NULL
11909345,Smol,A,A,NULL,NULL,NULL,NULL
11909345,Zanin,D,D,NULL,NULL,NULL,NULL
11909345,Bosisio,L,L,NULL,NULL,NULL,NULL
11909345,Della Ricca,G,G,NULL,NULL,NULL,NULL
11909345,Lanceri,L,L,NULL,NULL,NULL,NULL
11909345,Pompili,A,A,NULL,NULL,NULL,NULL
11909345,Poropat,P,P,NULL,NULL,NULL,NULL
11909345,Vuagnin,G,G,NULL,NULL,NULL,NULL
11909345,Panvini,R S,RS,NULL,NULL,NULL,NULL
11909345,Brown,C M,CM,NULL,NULL,NULL,NULL
11909345,Kowalewski,R,R,NULL,NULL,NULL,NULL
11909345,Roney,J M,JM,NULL,NULL,NULL,NULL
11909345,Band,H R,HR,NULL,NULL,NULL,NULL
11909345,Charles,E,E,NULL,NULL,NULL,NULL
11909345,Dasu,S,S,NULL,NULL,NULL,NULL
11909345,Di Lodovico,F,F,NULL,NULL,NULL,NULL
11909345,Eichenbaum,A M,AM,NULL,NULL,NULL,NULL
11909345,Hu,H,H,NULL,NULL,NULL,NULL
11909345,Johnson,J R,JR,NULL,NULL,NULL,NULL
11909345,Liu,R,R,NULL,NULL,NULL,NULL
11909345,Nielsen,J,J,NULL,NULL,NULL,NULL
11909345,Pan,Y,Y,NULL,NULL,NULL,NULL
11909345,Prepost,R,R,NULL,NULL,NULL,NULL
11909345,Scott,I J,IJ,NULL,NULL,NULL,NULL
11909345,Sekula,S J,SJ,NULL,NULL,NULL,NULL
11909345,von Wimmersperg-Toeller,J H,JH,NULL,NULL,NULL,NULL
11909345,Wu,S L,SL,NULL,NULL,NULL,NULL
11909345,Yu,Z,Z,NULL,NULL,NULL,NULL
11909345,Zobernig,H,H,NULL,NULL,NULL,NULL
11909345,Kordich,T M B,TM,NULL,NULL,NULL,NULL
11909345,Neal,H,H,NULL,NULL,NULL,NULL
11909345,NULL,NULL,NULL,NULL,NULL,BABAR Collaborations,NULL
12742516,Elimadi,Aziz,A,NULL,NULL,NULL,"Département de Pharmacologie, Faculté de Médecine de Paris XII, Créteil, France"
12742516,Jullien,Vincent,V,NULL,NULL,NULL,NULL
12742516,Tillement,Jean Paul,JP,NULL,NULL,NULL,NULL
12742516,Morin,Didier,D,NULL,NULL,NULL,NULL
12742519,Ingman,Kimmo,K,NULL,NULL,NULL,"Department of Pharmacology and Clinical Pharmacology, University of Turku, Turku, Finland"
12742519,Honkanen,Aapo,A,NULL,NULL,NULL,NULL
12742519,Hyytiä,Petri,P,NULL,NULL,NULL,NULL
12742519,Huttunen,Matti O,MO,NULL,NULL,NULL,NULL
12742519,Korpi,Esa R,ER,NULL,NULL,NULL,NULL
12742518,Katz,Jonathan L,JL,NULL,NULL,NULL,"Department of Health and Human Services, Medications Discovery Research Branch, NIDA Intramural Research Program, National Institutes of Health, Baltimore, MD 21224, USA. jkatz@intra.nida.nih.gov"
12742518,Libby,Therissa A,TA,NULL,NULL,NULL,NULL
12742518,Kopajtic,Theresa,T,NULL,NULL,NULL,NULL
12742518,Husbands,Stephen M,SM,NULL,NULL,NULL,NULL
12742518,Newman,Amy Hauck,AH,NULL,NULL,NULL,NULL
13072632,WIRTH,W,W,NULL,NULL,NULL,NULL
13634534,LICHTWITZ,A,A,NULL,NULL,NULL,NULL
13634534,DE SEZE,S,S,NULL,NULL,NULL,NULL
13634534,PARLIER,R,R,NULL,NULL,NULL,NULL
13634534,HIOCO,D,D,NULL,NULL,NULL,NULL
13634534,BORDIER,P,P,NULL,NULL,NULL,NULL
13634534,STRAUSS,M,M,NULL,NULL,NULL,NULL
13634534,FERGOLA-MIRAVET,L,L,NULL,NULL,NULL,NULL
14177620,CESAREBASILE,R,R,NULL,NULL,NULL,NULL
14177620,GABBRIELLI,L,L,NULL,NULL,NULL,NULL
14177620,COLAVOLPE,V,V,NULL,NULL,NULL,NULL
14177620,RULLI,V,V,NULL,NULL,NULL,NULL
14337379,KOREN,Z,Z,NULL,NULL,NULL,NULL
14337379,PFEIFER,Y,Y,NULL,NULL,NULL,NULL
14337379,SULMAN,F G,FG,NULL,NULL,NULL,NULL
14316043,PHILLIPS,H,H,NULL,NULL,NULL,NULL
14594616,Cassetty,Christopher T,CT,NULL,NULL,NULL,"Ronald O. Perelman Department of Dermatology, New York University, USA."
14594616,Leonard,Aimee L,AL,NULL,NULL,NULL,NULL
14668029,Dorsam,Robert T,RT,NULL,NULL,NULL,NULL
14668029,Murugappan,Swaminathan,S,NULL,NULL,NULL,NULL
14668029,Ding,Zhongren,Z,NULL,NULL,NULL,NULL
14668029,Kunapuli,Satya P,SP,NULL,NULL,NULL,NULL
14668030,Elstein,Deborah,D,NULL,NULL,NULL,NULL
14668030,Altarescu,Gheona,G,NULL,NULL,NULL,NULL
14668030,Zimran,Ari,A,NULL,NULL,NULL,NULL
14695699,Cho,Hyun Seok,HS,NULL,NULL,NULL,"Research Institute of Digestive Disease, Hanyang University College of Medicine, Seoul, Korea."
14695699,Park,Geun Tae,GT,NULL,NULL,NULL,NULL
14695699,Kim,Young Hoon,YH,NULL,NULL,NULL,NULL
14695699,Shim,Sung Gon,SG,NULL,NULL,NULL,NULL
14695699,Kim,Jin Bae,JB,NULL,NULL,NULL,NULL
14695699,Lee,Oh Young,OY,NULL,NULL,NULL,NULL
14695699,Choi,Ho Soon,HS,NULL,NULL,NULL,NULL
14695699,Hahm,Joon Soo,JS,NULL,NULL,NULL,NULL
14695699,Lee,Min Ho,MH,NULL,NULL,NULL,NULL
14729922,Edgar,Robert C,RC,NULL,NULL,NULL,bob@drive5.com
14749521,Leslie,Mitch,M,NULL,NULL,NULL,NULL
14744982,Coleman,Tricia M,TM,NULL,NULL,NULL,"Department of Chemistry and Biochemistry, University of Southern Mississippi, Hattiesburg, MS 39406-5043, USA."
14744982,Wang,Guocan,G,NULL,NULL,NULL,NULL
14744982,Huang,Faqing,F,NULL,NULL,NULL,NULL
14796701,COHEN,G N,GN,NULL,NULL,NULL,NULL
14796701,COHEN-BAZIRE,G,G,NULL,NULL,NULL,NULL
14817685,PALMBORG,G,G,NULL,NULL,NULL,NULL
14991249,Reston,S C,SC,NULL,NULL,NULL,"Department of Orthopaedics, Queen Alexandra Hospital, Portsmouth, UK."
14991249,Savva,N,N,NULL,NULL,NULL,NULL
14991249,Richards,R H,RH,NULL,NULL,NULL,NULL
15117668,Latash,M L,ML,NULL,NULL,NULL,NULL
15110832,Hwu,Jih Ru,JR,NULL,NULL,NULL,"Institute of Chemistry, Academia Sinica, Nankang, Taipei 11529, Taiwan, ROC. jrhwu@mx.nthu.edu.tw"
15110832,Lin,Chun Chieh,CC,NULL,NULL,NULL,NULL
15110832,Chuang,Shih Hsien,SH,NULL,NULL,NULL,NULL
15110832,King,Ke Yung,KY,NULL,NULL,NULL,NULL
15110832,Su,Tzu-Rong,TR,NULL,NULL,NULL,NULL
15110832,Tsay,Shwu-Chen,SC,NULL,NULL,NULL,NULL
15206831,Grewen,Karen M,KM,NULL,NULL,NULL,"Department of Psychiatry, University of North Carolina at Chapel Hill, 27599-7175, USA. karen_grewen@med.unc.edu"
15206831,Anderson,Bobbi J,BJ,NULL,NULL,NULL,NULL
15206831,Girdler,Susan S,SS,NULL,NULL,NULL,NULL
15206831,Light,Kathleen C,KC,NULL,NULL,NULL,NULL
15228064,Ozsarac,Murat,M,NULL,NULL,NULL,"Dokuz Eylul University School of Medicine, Department of Emergency Medicine, Inciralti, Izmir, Turkey. mozsarac@hotmail.com"
15228064,Karcioglu,Ozgur,O,NULL,NULL,NULL,NULL
15228064,Ayrik,Cuneyt,C,NULL,NULL,NULL,NULL
15228064,Somuncu,Fatih,F,NULL,NULL,NULL,NULL
15228064,Gumrukcu,Serhat,S,NULL,NULL,NULL,NULL
15278624,Tamura,C,C,NULL,NULL,NULL,"Department of Anesthesiology and Critical Care Medicine, Hamamatsu University School of Medicine, Japan."
15278624,Doi,M,M,NULL,NULL,NULL,NULL
15278624,Ikeda,K,K,NULL,NULL,NULL,NULL
15284444,Stone,David A,DA,NULL,NULL,NULL,"Department of Soil, Water, and Environmental Science, Program in Applied Mathematics, University of Arizona, Tucson, AZ 85721, USA."
15284444,Goldstein,Raymond E,RE,NULL,NULL,NULL,NULL
15611660,Sun,Lin-Quan,LQ,NULL,NULL,NULL,"Division of Pediatric Oncology, Sidney Kimmel Comprehensive Cancer Center, Johns Hopkins University School of Medicine, Baltimore, Maryland, USA."
15611660,Arceci,Robert J,RJ,NULL,NULL,NULL,NULL
15611661,Tacconelli,Antonella,A,NULL,NULL,NULL,"Department of Experimental Medicine, University of L'Aquila, L'Aquila, Italy."
15611661,Farina,Antonietta R,AR,NULL,NULL,NULL,NULL
15611661,Cappabianca,Lucia,L,NULL,NULL,NULL,NULL
15611661,Gulino,Alberto,A,NULL,NULL,NULL,NULL
15611661,Mackay,Andrew R,AR,NULL,NULL,NULL,NULL
15611667,Woodfine,Kathryn,K,NULL,NULL,NULL,"Wellcome Trust Sanger Institute, Wellcome Trust Genome Campus, Hinxton, Cambridge, UK."
15611667,Beare,David M,DM,NULL,NULL,NULL,NULL
15611667,Ichimura,Koichi,K,NULL,NULL,NULL,NULL
15611667,Debernardi,Silvana,S,NULL,NULL,NULL,NULL
15611667,Mungall,Andrew J,AJ,NULL,NULL,NULL,NULL
15611667,Fiegler,Heike,H,NULL,NULL,NULL,NULL
15611667,Collins,V Peter,VP,NULL,NULL,NULL,NULL
15611667,Carter,Nigel P,NP,NULL,NULL,NULL,NULL
15611667,Dunham,Ian,I,NULL,NULL,NULL,NULL
15739502,Li,L,L,NULL,NULL,NULL,"Institute of Applied Chemistry, Nanchang University, Nanchang, 330047."
15739502,Qiu,S,S,NULL,NULL,NULL,NULL
15810377,Ma,X,X,NULL,NULL,NULL,"Cancer Research Institute, Hunan Medical University, Changsha."
15810377,Tang,J,J,NULL,NULL,NULL,NULL
16776646,Corsi,Ann K,AK,NULL,NULL,NULL,"Department of Biology, The Catholic University of America, Washington, DC 20064, USA. corsi@cua.edu"
15968009,Buyon,Jill P,JP,NULL,NULL,NULL,"Hospital for Joint Diseases, New York University School of Medicine, New York, New York, USA. jill.buyon@nyumc.org"
15968009,Petri,Michelle A,MA,NULL,NULL,NULL,NULL
15968009,Kim,Mimi Y,MY,NULL,NULL,NULL,NULL
15968009,Kalunian,Kenneth C,KC,NULL,NULL,NULL,NULL
15968009,Grossman,Jennifer,J,NULL,NULL,NULL,NULL
15968009,Hahn,Bevra H,BH,NULL,NULL,NULL,NULL
15968009,Merrill,Joan T,JT,NULL,NULL,NULL,NULL
15968009,Sammaritano,Lisa,L,NULL,NULL,NULL,NULL
15968009,Lockshin,Michael,M,NULL,NULL,NULL,NULL
15968009,Alarcón,Graciela S,GS,NULL,NULL,NULL,NULL
15968009,Manzi,Susan,S,NULL,NULL,NULL,NULL
15968009,Belmont,H Michael,HM,NULL,NULL,NULL,NULL
15968009,Askanase,Anca D,AD,NULL,NULL,NULL,NULL
15968009,Sigler,Lisa,L,NULL,NULL,NULL,NULL
15968009,Dooley,Mary Anne,MA,NULL,NULL,NULL,NULL
15968009,Von Feldt,Joan,J,NULL,NULL,NULL,NULL
15968009,McCune,W Joseph,WJ,NULL,NULL,NULL,NULL
15968009,Friedman,Alan,A,NULL,NULL,NULL,NULL
15968009,Wachs,Jane,J,NULL,NULL,NULL,NULL
15968009,Cronin,Mary,M,NULL,NULL,NULL,NULL
15968009,Hearth-Holmes,Michelene,M,NULL,NULL,NULL,NULL
15968009,Tan,Mark,M,NULL,NULL,NULL,NULL
15968009,Licciardi,Frederick,F,NULL,NULL,NULL,NULL
16779244,Fontelo,Paul,P,NULL,NULL,NULL,"Office of High Performance Computing and Communications, National Library of Medicine, 8600 Rockville Pike, Bethesda, Maryland 20894, USA."
16779244,Liu,Fang,F,NULL,NULL,NULL,NULL
16779244,Ackerman,Michael,M,NULL,NULL,NULL,NULL
16888359,Barrett,Tanya,T,NULL,NULL,NULL,"National Center for Biotechnology Information, National Institutes of Health, Bethesda, MD, USA."
16888359,Edgar,Ron,R,NULL,NULL,NULL,NULL
16923641,Theander,Sten S,SS,NULL,NULL,NULL,"Division of Psychiatry, Department of Clinical Neuroscience, Lund University, Sweden. sten.theander@med.lu.se"
17059514,Takagi,S,S,NULL,NULL,NULL,"Division of Gastroenterology, Department of Internal Medicine, Tohoku University Graduate School of Medicine, Sendai, Japan. stakagi@int3.med.tohoku.ac.jp"
17059514,Utsunomiya,K,K,NULL,NULL,NULL,NULL
17059514,Kuriyama,S,S,NULL,NULL,NULL,NULL
17059514,Yokoyama,H,H,NULL,NULL,NULL,NULL
17059514,Takahashi,S,S,NULL,NULL,NULL,NULL
17059514,Iwabuchi,M,M,NULL,NULL,NULL,NULL
17059514,Takahashi,H,H,NULL,NULL,NULL,NULL
17059514,Takahashi,S,S,NULL,NULL,NULL,NULL
17059514,Kinouchi,Y,Y,NULL,NULL,NULL,NULL
17059514,Hiwatashi,N,N,NULL,NULL,NULL,NULL
17059514,Funayama,Y,Y,NULL,NULL,NULL,NULL
17059514,Sasaki,I,I,NULL,NULL,NULL,NULL
17059514,Tsuji,I,I,NULL,NULL,NULL,NULL
17059514,Shimosegawa,T,T,NULL,NULL,NULL,NULL
16949478,NULL,NULL,NULL,NULL,NULL,European Heart Rhythm Association,NULL
16949478,NULL,NULL,NULL,NULL,NULL,Heart Rhythm Society,NULL
16949478,Zipes,Douglas P,DP,NULL,NULL,NULL,NULL
16949478,Camm,A John,AJ,NULL,NULL,NULL,NULL
16949478,Borggrefe,Martin,M,NULL,NULL,NULL,NULL
16949478,Buxton,Alfred E,AE,NULL,NULL,NULL,NULL
16949478,Chaitman,Bernard,B,NULL,NULL,NULL,NULL
16949478,Fromer,Martin,M,NULL,NULL,NULL,NULL
16949478,Gregoratos,Gabriel,G,NULL,NULL,NULL,NULL
16949478,Klein,George,G,NULL,NULL,NULL,NULL
16949478,Moss,Arthur J,AJ,NULL,NULL,NULL,NULL
16949478,Myerburg,Robert J,RJ,NULL,NULL,NULL,NULL
16949478,Priori,Silvia G,SG,NULL,NULL,NULL,NULL
16949478,Quinones,Miguel A,MA,NULL,NULL,NULL,NULL
16949478,Roden,Dan M,DM,NULL,NULL,NULL,NULL
16949478,Silka,Michael J,MJ,NULL,NULL,NULL,NULL
16949478,Tracy,Cynthia,C,NULL,NULL,NULL,NULL
16949478,Smith,Sidney C,SC,Jr,NULL,NULL,NULL
16949478,Jacobs,Alice K,AK,NULL,NULL,NULL,NULL
16949478,Adams,Cynthia D,CD,NULL,NULL,NULL,NULL
16949478,Antman,Elliott M,EM,NULL,NULL,NULL,NULL
16949478,Anderson,Jeffrey L,JL,NULL,NULL,NULL,NULL
16949478,Hunt,Sharon A,SA,NULL,NULL,NULL,NULL
16949478,Halperin,Jonathan L,JL,NULL,NULL,NULL,NULL
16949478,Nishimura,Rick,R,NULL,NULL,NULL,NULL
16949478,Ornato,Joseph P,JP,NULL,NULL,NULL,NULL
16949478,Page,Richard L,RL,NULL,NULL,NULL,NULL
16949478,Riegel,Barbara,B,NULL,NULL,NULL,NULL
16949478,Priori,Silvia G,SG,NULL,NULL,NULL,NULL
16949478,Blanc,Jean-Jacques,JJ,NULL,NULL,NULL,NULL
16949478,Budaj,Andrzej,A,NULL,NULL,NULL,NULL
16949478,Camm,A John,AJ,NULL,NULL,NULL,NULL
16949478,Dean,Veronica,V,NULL,NULL,NULL,NULL
16949478,Deckers,Jaap W,JW,NULL,NULL,NULL,NULL
16949478,Despres,Catherine,C,NULL,NULL,NULL,NULL
16949478,Dickstein,Kenneth,K,NULL,NULL,NULL,NULL
16949478,Lekakis,John,J,NULL,NULL,NULL,NULL
16949478,McGregor,Keith,K,NULL,NULL,NULL,NULL
16949478,Metra,Marco,M,NULL,NULL,NULL,NULL
16949478,Morais,Joao,J,NULL,NULL,NULL,NULL
16949478,Osterspey,Ady,A,NULL,NULL,NULL,NULL
16949478,Tamargo,Juan Luis,JL,NULL,NULL,NULL,NULL
16949478,Zamorano,José Luis,JL,NULL,NULL,NULL,NULL
16949478,NULL,NULL,NULL,NULL,NULL,American College of Cardiology,NULL
16949478,NULL,NULL,NULL,NULL,NULL,American Heart Association Task Force,NULL
16949478,NULL,NULL,NULL,NULL,NULL,European Society of Cardiology Committee for Practice Guidelines,NULL
17712873,Fei,L,L,NULL,NULL,NULL,"Unit of Surgical Digestive Physiopathology, Second University of Naples, via Pansini 5, I-80131 Naples, Italy. landino.fei@tin.it"
17712873,del Genio,G,G,NULL,NULL,NULL,NULL
17712873,Brusciano,L,L,NULL,NULL,NULL,NULL
17712873,Esposito,V,V,NULL,NULL,NULL,NULL
17712873,Cuttitta,D,D,NULL,NULL,NULL,NULL
17712873,Pizza,F,F,NULL,NULL,NULL,NULL
17712873,Rossetti,G,G,NULL,NULL,NULL,NULL
17712873,Trapani,V,V,NULL,NULL,NULL,NULL
17712873,Filippone,G,G,NULL,NULL,NULL,NULL
17712873,Moccia,F,F,NULL,NULL,NULL,NULL
17712873,Francesco,M,M,NULL,NULL,NULL,NULL
17712873,del Genio,A,A,NULL,NULL,NULL,NULL
17713168,Di Giambenedetto,Simona,S,NULL,NULL,NULL,"Institute of Clinical Infectious Diseases, Catholic University, Rome, Italy. simona.digiambenedetto@rm.unicatt.it"
17713168,Bracciale,Laura,L,NULL,NULL,NULL,NULL
17713168,Colafigli,Manuela,M,NULL,NULL,NULL,NULL
17713168,Colatigli,Manuela,M,NULL,NULL,NULL,NULL
17713168,Cattani,Paola,P,NULL,NULL,NULL,NULL
17713168,Pinnetti,Carmen,C,NULL,NULL,NULL,NULL
17713168,Pannetti,Carmen,C,NULL,NULL,NULL,NULL
17713168,Bacarelli,Alessandro,A,NULL,NULL,NULL,NULL
17713168,Prosperi,Mattia,M,NULL,NULL,NULL,NULL
17713168,Fadda,Giovanni,G,NULL,NULL,NULL,NULL
17713168,Cauda,Roberto,R,NULL,NULL,NULL,NULL
17713168,De Luca,Andrea,A,NULL,NULL,NULL,NULL
17823161,Hawkes,Nigel,N,NULL,NULL,NULL,NULL
17926191,Weisser,Martin,M,NULL,NULL,NULL,"Medical Department III, Klinikum Grosshadern, Ludwig-Maximilians-University, Munich, Germany. martin.weisser@gmx.de"
17926191,Haferlach,Claudia,C,NULL,NULL,NULL,NULL
17926191,Haferlach,Torsten,T,NULL,NULL,NULL,NULL
17926191,Schnittger,Susanne,S,NULL,NULL,NULL,NULL
18122624,RIVES,J D,JD,NULL,NULL,NULL,NULL
18122624,STRUG,L H,LH,NULL,NULL,NULL,NULL
18122624,ESSRIG,I M,IM,NULL,NULL,NULL,NULL
18243949,Hinz,H D,HD,NULL,NULL,NULL,NULL
18243949,Lobl,H,H,NULL,NULL,NULL,NULL
18964660,Meloun,M,M,NULL,NULL,NULL,"Department of Analytical Chemistry, College of Chemical Technology, CS-532 10 Pardubice, Czechoslovakia."
18964660,Bartos,M,M,NULL,NULL,NULL,NULL
18964660,Högfeldt,E,E,NULL,NULL,NULL,NULL
18941263,Mooney,Gavin,G,NULL,NULL,NULL,"Curtin University of Technology, Perth, Western Australia. g.mooney@curtin.edu.au"
18941263,Fohtung,Nubong G,NG,NULL,NULL,NULL,NULL
19771122,Sharp,T E,TE,NULL,NULL,NULL,"Department of Electrical and Computer Engineering, Rice University, P.O. Box 1892, Houston, Texas 77251, USA."
19771122,Hofmann,T,T,NULL,NULL,NULL,NULL
19771122,Dane,C B,CB,NULL,NULL,NULL,NULL
19771122,Wilson,W L,WL,Jr,NULL,NULL,NULL
19771122,Tittel,F K,FK,NULL,NULL,NULL,NULL
19771122,Wisoff,P J,PJ,NULL,NULL,NULL,NULL
19771122,Szabó,G,G,NULL,NULL,NULL,NULL
20405411,Osinga,Klaas Johan,KJ,NULL,NULL,NULL,"International Federation of Agricultural Producers/LTO Netherland, Drachten, The Netherlands. klaasjohan@yahoo.com"
21007460,REES,J R,JR,NULL,NULL,NULL,NULL
18719013,Welton,Amanda J,AJ,NULL,NULL,NULL,"MRC General Practice Research Framework, Stephenson House, London NW1 2ND."
18719013,Vickers,Madge R,MR,NULL,NULL,NULL,NULL
18719013,Kim,Joseph,J,NULL,NULL,NULL,NULL
18719013,Ford,Deborah,D,NULL,NULL,NULL,NULL
18719013,Lawton,Beverley A,BA,NULL,NULL,NULL,NULL
18719013,MacLennan,Alastair H,AH,NULL,NULL,NULL,NULL
18719013,Meredith,Sarah K,SK,NULL,NULL,NULL,NULL
18719013,Martin,Jeannett,J,NULL,NULL,NULL,NULL
18719013,Meade,Tom W,TW,NULL,NULL,NULL,NULL
18719013,NULL,NULL,NULL,NULL,NULL,WISDOM team,NULL
21024418,CRUISE,R,R,NULL,NULL,NULL,NULL
23674598,Mayor,Roberto,R,NULL,NULL,NULL,"Department of Cell and Developmental Biology, University College London, Gower Street, London WC1E 6BT, UK. r.mayor@ucl.ac.uk"
23674598,Theveneau,Eric,E,NULL,NULL,NULL,NULL
23326248,Kayser,Ole,O,NULL,NULL,NULL,"Department of Radiology, University Hospital Schleswig-Holstein, Kiel, Germany. o.kayser@rad.uni-kiel.de"
23326248,Schäfer,Philipp,P,NULL,NULL,NULL,NULL
23807877,Chhatbar,Pratik Y,PY,NULL,NULL,NULL,"Department of Neurosciences, Medical University of South Carolina Charleston, SC, USA."
23807877,Kara,Prakash,P,NULL,NULL,NULL,NULL
23685357,Menna,Elisabetta,E,NULL,NULL,NULL,"CNR Institute of Neuroscience, Milano, Italy. e.menna@in.cnr.it"
23685357,Zambetti,Stefania,S,NULL,NULL,NULL,NULL
23685357,Morini,Raffaella,R,NULL,NULL,NULL,NULL
23685357,Donzelli,Andrea,A,NULL,NULL,NULL,NULL
23685357,Disanza,Andrea,A,NULL,NULL,NULL,NULL
23685357,Calvigioni,Daniela,D,NULL,NULL,NULL,NULL
23685357,Braida,Daniela,D,NULL,NULL,NULL,NULL
23685357,Nicolini,Chiara,C,NULL,NULL,NULL,NULL
23685357,Orlando,Marta,M,NULL,NULL,NULL,NULL
23685357,Fossati,Giuliana,G,NULL,NULL,NULL,NULL
23685357,Cristina Regondi,Maria,M,NULL,NULL,NULL,NULL
23685357,Pattini,Linda,L,NULL,NULL,NULL,NULL
23685357,Frassoni,Carolina,C,NULL,NULL,NULL,NULL
23685357,Francolini,Maura,M,NULL,NULL,NULL,NULL
23685357,Scita,Giorgio,G,NULL,0000-0001-7984-1889,NULL,NULL
23685357,Sala,Mariaelvina,M,NULL,NULL,NULL,NULL
23685357,Fahnestock,Margaret,M,NULL,NULL,NULL,NULL
23685357,Matteoli,Michela,M,NULL,NULL,NULL,NULL
23852273,Cassa,Christopher A,CA,NULL,NULL,NULL,Harvard Medical School Brigham and Women's Hospital.
23852273,Chunara,Rumi,R,NULL,NULL,NULL,NULL
23852273,Mandl,Kenneth,K,NULL,NULL,NULL,NULL
23852273,Brownstein,John S,JS,NULL,NULL,NULL,NULL
25143782,Catena,Fausto,F,NULL,NULL,NULL,"Chief of the Emergency Surgery Department, Parma University Hospital, Parma, Italy."
25143782,Moore,Frederick,F,NULL,NULL,NULL,"Chief of Acute Care Surgery, Department of Surgery, The University of Florida, Gainesville, Florida."
24090994,Bader,Ammar,A,NULL,NULL,NULL,"Department of Pharmacognosy, Faculty of Pharmacy, Umm Al-Qura University, Makkah, 21955, Saudi Arabia."
24090994,Giner,Rosa M,RM,NULL,NULL,NULL,NULL
24090994,Martini,Francesca,F,NULL,NULL,NULL,NULL
24090994,Schinella,Guillermo R,GR,NULL,NULL,NULL,NULL
24090994,Ríos,José L,JL,NULL,NULL,NULL,NULL
24090994,Braca,Alessandra,A,NULL,NULL,NULL,NULL
24090994,Prieto,José M,JM,NULL,NULL,NULL,NULL
25031417,Tobari,Yasuko,Y,NULL,0000-0003-0572-4123,NULL,"Laboratory of Integrative Brain Sciences, Department of Biology and Center for Medical Life Science, Waseda University, Shinjuku-ku, Tokyo 162-8480, Japan, and."
25031417,Son,You Lee,YL,NULL,NULL,NULL,"Laboratory of Integrative Brain Sciences, Department of Biology and Center for Medical Life Science, Waseda University, Shinjuku-ku, Tokyo 162-8480, Japan, and."
25031417,Ubuka,Takayoshi,T,NULL,0000-0002-4731-8118,NULL,"Laboratory of Integrative Brain Sciences, Department of Biology and Center for Medical Life Science, Waseda University, Shinjuku-ku, Tokyo 162-8480, Japan, and."
25031417,Hasegawa,Yoshihisa,Y,NULL,NULL,NULL,"Experimental Animal Science, School of Veterinary Medicine and Animal Sciences, Kitasato University, Aomori 034-8628, Japan."
25031417,Tsutsui,Kazuyoshi,K,NULL,NULL,NULL,"Laboratory of Integrative Brain Sciences, Department of Biology and Center for Medical Life Science, Waseda University, Shinjuku-ku, Tokyo 162-8480, Japan, and k-tsutsui@waseda.jp."
27687974,Giovannoni,Stephen J,SJ,NULL,NULL,NULL,"Department of Microbiology, Oregon State University, Corvallis, Oregon 97331; email: steve.giovannoni@oregonstate.edu."
27687975,Sedykh,Irina,I,NULL,NULL,NULL,"Department of Zoology, University of Wisconsin, Madison, WI, 53706, USA.; Department of Neuroscience, University of Wisconsin, Madison, WI, 53706, USA."
27687975,TeSlaa,Jessica J,JJ,NULL,NULL,NULL,"Department of Zoology, University of Wisconsin, Madison, WI, 53706, USA.; Department of Neuroscience, University of Wisconsin, Madison, WI, 53706, USA.; Cellular and Molecular Biology Training Program, University of Wisconsin, Madison, WI, 53706, USA."
27687975,Tatarsky,Rose L,RL,NULL,NULL,NULL,"Department of Zoology, University of Wisconsin, Madison, WI, 53706, USA.; Department of Neuroscience, University of Wisconsin, Madison, WI, 53706, USA."
27687975,Keller,Abigail N,AN,NULL,NULL,NULL,"Department of Zoology, University of Wisconsin, Madison, WI, 53706, USA.; Department of Neuroscience, University of Wisconsin, Madison, WI, 53706, USA."
27687975,Toops,Kimberly A,KA,NULL,NULL,NULL,"Department of Ophthalmology and Visual Sciences, University of Wisconsin-Madison, Madison, WI 53706, USA.; McPherson Eye Research Institute, University of Wisconsin, Madison, WI, 53706, USA."
27687975,Lakkaraju,Aparna,A,NULL,NULL,NULL,"Department of Ophthalmology and Visual Sciences, University of Wisconsin-Madison, Madison, WI 53706, USA.; McPherson Eye Research Institute, University of Wisconsin, Madison, WI, 53706, USA."
27687975,Nyholm,Molly K,MK,NULL,NULL,NULL,"Department of Zoology, University of Wisconsin, Madison, WI, 53706, USA.; Department of Neuroscience, University of Wisconsin, Madison, WI, 53706, USA."
27687975,Wolman,Marc A,MA,NULL,NULL,NULL,"Department of Zoology, University of Wisconsin, Madison, WI, 53706, USA."
27687975,Grinblat,Yevgenya,Y,NULL,NULL,NULL,"Department of Zoology, University of Wisconsin, Madison, WI, 53706, USA.; Department of Neuroscience, University of Wisconsin, Madison, WI, 53706, USA.; McPherson Eye Research Institute, University of Wisconsin, Madison, WI, 53706, USA."
27763809,Young,Megan K,MK,NULL,NULL,NULL,"a School of Medicine and Menzies Health Institute Queensland , Griffith University , Gold Coast , Australia."
27763809,Bertolini,Joseph,J,NULL,NULL,NULL,"b CSL Behring (Australia) Pty Ltd , Broadmeadows , Australia."
27763809,Kotharu,Pushpa,P,NULL,NULL,NULL,"b CSL Behring (Australia) Pty Ltd , Broadmeadows , Australia."
27763809,Maher,Darryl,D,NULL,NULL,NULL,"b CSL Behring (Australia) Pty Ltd , Broadmeadows , Australia."
27763809,Cripps,Allan W,AW,NULL,NULL,NULL,"a School of Medicine and Menzies Health Institute Queensland , Griffith University , Gold Coast , Australia."
29049350,Jamal,Syed Babar,SB,NULL,NULL,NULL,"PG program in Bioinformatics (LGCM), Institute of Biological Sciences, Federal University of Minas Gerais, Belo Horizonte, MG, Brazil."
29049350,Hassan,Syed Shah,SS,NULL,NULL,NULL,"PG program in Bioinformatics (LGCM), Institute of Biological Sciences, Federal University of Minas Gerais, Belo Horizonte, MG, Brazil.; Department of Chemistry, Islamia College University Peshawar, KPK, Pakistan."
29049350,Tiwari,Sandeep,S,NULL,NULL,NULL,"PG program in Bioinformatics (LGCM), Institute of Biological Sciences, Federal University of Minas Gerais, Belo Horizonte, MG, Brazil."
29049350,Viana,Marcus V,MV,NULL,NULL,NULL,"PG program in Bioinformatics (LGCM), Institute of Biological Sciences, Federal University of Minas Gerais, Belo Horizonte, MG, Brazil."
29049350,Benevides,Leandro de Jesus,LJ,NULL,NULL,NULL,"PG program in Bioinformatics (LGCM), Institute of Biological Sciences, Federal University of Minas Gerais, Belo Horizonte, MG, Brazil."
29049350,Ullah,Asad,A,NULL,NULL,NULL,"Department of Chemistry, Islamia College University Peshawar, KPK, Pakistan."
29049350,Turjanski,Adrián G,AG,NULL,NULL,NULL,"Departamento de Química Biológica, Facultad de Ciencias Exactas y Naturales, Universidad de Buenos Aires, Pabellón II, Buenos Aires, Argentina."
29049350,Barh,Debmalya,D,NULL,NULL,NULL,"Centre for Genomics and Applied Gene Technology, Institute of Integrative Omics and Applied Biotechnology, Nonakuri, Purba Medinipur, West Bengal, India."
29049350,Ghosh,Preetam,P,NULL,NULL,NULL,"Department of Computer Science, Virginia Commonwealth University, Richmond, VA, United States of America."
29049350,Costa,Daniela Arruda,DA,NULL,NULL,NULL,"PG program in Bioinformatics (LGCM), Institute of Biological Sciences, Federal University of Minas Gerais, Belo Horizonte, MG, Brazil."
29049350,Silva,Artur,A,NULL,NULL,NULL,"Institute of Biologic Sciences, Federal University of Para, Belém, PA, Brazil."
29049350,Röttger,Richard,R,NULL,NULL,NULL,"Department of Mathematics and Computer Science, University of Southern Denmark, Odense, Denmark."
29049350,Baumbach,Jan,J,NULL,NULL,NULL,"Department of Mathematics and Computer Science, University of Southern Denmark, Odense, Denmark."
29049350,Azevedo,Vasco A C,VAC,NULL,NULL,NULL,"PG program in Bioinformatics (LGCM), Institute of Biological Sciences, Federal University of Minas Gerais, Belo Horizonte, MG, Brazil.; Department of General Biology (LGCM), Institute of Biologic Sciences, Federal University of Minas Gerais, Belo Horizonte, MG, Brazil."
28647898,Monaco,Monica,M,NULL,NULL,NULL,"Istituto Superiore di Sanità, Rome, Italy. monica.monaco@iss.it."
28647898,Sacchi,Anna Rita,AR,NULL,NULL,NULL,"Azienda Unità Sanitaria locale, Piacenza, Italy."
28647898,Scotti,Marzia,M,NULL,NULL,NULL,"Ospedale Guglielmo da Saliceto, Piacenza, Italy."
28647898,Mancini,Fabiola,F,NULL,NULL,NULL,"Istituto Superiore di Sanità, Rome, Italy."
28647898,Riccio,Carlo,C,NULL,NULL,NULL,"Azienda Unità Sanitaria locale, Piacenza, Italy."
28647898,Errico,Giulia,G,NULL,NULL,NULL,"Istituto Superiore di Sanità, Rome, Italy."
28647898,Ratti,Giovanna,G,NULL,NULL,NULL,"Ospedale Guglielmo da Saliceto, Piacenza, Italy."
28647898,Bondi,Filippo,F,NULL,NULL,NULL,"Ospedale Guglielmo da Saliceto, Piacenza, Italy."
28647898,Ciervo,Alessandra,A,NULL,NULL,NULL,"Istituto Superiore di Sanità, Rome, Italy."
28647898,Pantosti,Annalisa,A,NULL,NULL,NULL,"Istituto Superiore di Sanità, Rome, Italy."
28726616,du Plessis,Mignon,M,NULL,NULL,NULL,NULL
28726616,Wolter,Nicole,N,NULL,NULL,NULL,NULL
28726616,Allam,Mushal,M,NULL,NULL,NULL,NULL
28726616,de Gouveia,Linda,L,NULL,NULL,NULL,NULL
28726616,Moosa,Fahima,F,NULL,NULL,NULL,NULL
28726616,Ntshoe,Genevie,G,NULL,NULL,NULL,NULL
28726616,Blumberg,Lucille,L,NULL,NULL,NULL,NULL
28726616,Cohen,Cheryl,C,NULL,NULL,NULL,NULL
28726616,Smith,Marshagne,M,NULL,NULL,NULL,NULL
28726616,Mutevedzi,Portia,P,NULL,NULL,NULL,NULL
28726616,Thomas,Juno,J,NULL,NULL,NULL,NULL
28726616,Horne,Valentino,V,NULL,NULL,NULL,NULL
28726616,Moodley,Prashini,P,NULL,NULL,NULL,NULL
28726616,Archary,Moherndran,M,NULL,NULL,NULL,NULL
28726616,Mahabeer,Yesholata,Y,NULL,NULL,NULL,NULL
28726616,Mahomed,Saajida,S,NULL,NULL,NULL,NULL
28726616,Kuhn,Warren,W,NULL,NULL,NULL,NULL
28726616,Mlisana,Koleka,K,NULL,NULL,NULL,NULL
28726616,McCarthy,Kerrigan,K,NULL,NULL,NULL,NULL
28726616,von Gottberg,Anne,A,NULL,NULL,NULL,NULL
